data,stato,codice_regione,denominazione_regione,lat,long,ricoverati_con_sintomi,terapia_intensiva,totale_ospedalizzati,isolamento_domiciliare,totale_positivi,variazione_totale_positivi,nuovi_positivi,dimessi_guariti,deceduti,totale_casi,tamponi,note_it,note_en
2020-02-24,ITA,13,Abruzzo,42.35122196,13.39843823,0,0,0,0,0,0,0,0,0,0,5,,
2020-02-25,ITA,13,Abruzzo,42.35122196,13.39843823,0,0,0,0,0,0,0,0,0,0,0
2020-02-26,ITA,13,Abruzzo,42.35122196,13.39843823,0,0,0,0,0,0,0,0,0,0,8
2020-02-27,ITA,13,Abruzzo,42.35122196,13.39843823,1,0,1,0,1,1,1,0,0,1,20
2020-02-28,ITA,13,Abruzzo,42.35122196,13.39843823,0,0,0,0,0,0,0,0,0,0,0
2020-02-29,ITA,13,Abruzzo,42.35122196,13.39843823,1,0,1,0,1,1,1,0,0,1,10
2020-03-01,ITA,13,Abruzzo,42.35122196,13.39843823,1,0,1,2,3,3,3,0,0,3,9
2020-03-02,ITA,13,Abruzzo,42.35122196,13.39843823,0,0,0,0,0,0,0,0,0,0,0
2020-03-03,ITA,13,Abruzzo,42.35122196,13.39843823,2,0,2,-1,1,1,1,0,0,1,0
2020-03-04,ITA,13,Abruzzo,42.35122196,13.39843823,2,0,2,-1,1,1,1,0,0,1,33
2020-03-05,ITA,13,Abruzzo,42.35122196,13.39843823,1,0,1,0,1,1,1,0,0,1,11
2020-03-06,ITA,13,Abruzzo,42.35122196,13.39843823,1,0,1,0,1,1,1,0,0,1,0
2020-03-07,ITA,13,Abruzzo,42.35122196,13.39843823,2,0,2,0,2,2,2,0,0,2,27
2020-03-08,ITA,13,Abruzzo,42.35122196,13.39843823,3,0,3,3,6,6,6,0,0,6,40
2020-03-09,ITA,13,Abruzzo,42.35122196,13.39843823,11,0,11,2,13,13,13,0,0,13,74
2020-03-10,ITA,13,Abruzzo,42.35122196,13.39843823,-8,9,1,6,7,7,7,0,1,8,73
2020-03-11,ITA,13,Abruzzo,42.35122196,13.39843823,0,0,0,0,0,0,0,0,0,0,0
2020-03-12,ITA,13,Abruzzo,42.35122196,13.39843823,30,3,33,8,41,41,41,4,1,46,557
2020-03-13,ITA,13,Abruzzo,42.35122196,13.39843823,-5,2,-3,8,5,5,5,0,0,5,91
2020-03-14,ITA,13,Abruzzo,42.35122196,13.39843823,9,0,9,14,23,23,23,0,0,23,274
2020-03-15,ITA,13,Abruzzo,42.35122196,13.39843823,21,14,35,-13,22,22,22,2,1,25,187
2020-03-16,ITA,13,Abruzzo,42.35122196,13.39843823,-1,9,8,29,37,37,37,1,1,39,114
2020-03-17,ITA,13,Abruzzo,42.35122196,13.39843823,23,-5,18,33,51,51,51,0,2,53,155
2020-03-18,ITA,13,Abruzzo,42.35122196,13.39843823,5,9,14,19,33,33,33,0,1,34,366
2020-03-19,ITA,13,Abruzzo,42.35122196,13.39843823,82,6,88,29,117,117,117,1,4,122,355
2020-03-20,ITA,13,Abruzzo,42.35122196,13.39843823,9,1,10,46,56,56,56,2,6,64,286
2020-03-21,ITA,13,Abruzzo,42.35122196,13.39843823,-5,-4,-9,81,72,72,72,3,5,80,340
2020-03-22,ITA,13,Abruzzo,42.35122196,13.39843823,33,5,38,7,45,45,45,2,11,58,340
2020-03-23,ITA,13,Abruzzo,42.35122196,13.39843823,10,3,13,53,66,66,66,5,5,76,299
2020-03-24,ITA,13,Abruzzo,42.35122196,13.39843823,6,5,11,6,17,17,17,1,8,26,620
2020-03-25,ITA,13,Abruzzo,42.35122196,13.39843823,14,2,16,100,116,116,116,2,6,124,688
2020-03-26,ITA,13,Abruzzo,42.35122196,13.39843823,32,5,37,85,122,122,122,0,11,133,506
2020-03-27,ITA,13,Abruzzo,42.35122196,13.39843823,9,7,16,49,65,65,65,1,5,71,621
2020-03-28,ITA,13,Abruzzo,42.35122196,13.39843823,22,-1,21,81,102,102,102,6,8,116,894
2020-03-29,ITA,13,Abruzzo,42.35122196,13.39843823,18,-2,16,126,142,142,142,6,12,160,727
2020-03-30,ITA,13,Abruzzo,42.35122196,13.39843823,-7,1,-6,6,0,0,0,38,14,52,218
2020-03-31,ITA,13,Abruzzo,42.35122196,13.39843823,13,4,17,5,22,22,22,21,13,56,810
2020-04-01,ITA,13,Abruzzo,42.35122196,13.39843823,7,-2,5,15,20,20,20,7,8,35,852
2020-04-02,ITA,13,Abruzzo,42.35122196,13.39843823,-1,4,3,37,40,40,40,11,10,61,1037
2020-04-03,ITA,13,Abruzzo,42.35122196,13.39843823,20,1,21,29,50,50,50,3,13,66,1243
2020-04-04,ITA,13,Abruzzo,42.35122196,13.39843823,-7,-5,-12,67,55,55,55,3,7,65,947
2020-04-05,ITA,13,Abruzzo,42.35122196,13.39843823,-7,-4,-11,75,64,64,64,6,5,75,761
2020-02-24,ITA,17,Basilicata,40.63947052,15.80514834,0,0,0,0,0,0,0,0,0,0,0,,
2020-02-25,ITA,17,Basilicata,40.63947052,15.80514834,0,0,0,0,0,0,0,0,0,0,0
2020-02-26,ITA,17,Basilicata,40.63947052,15.80514834,0,0,0,0,0,0,0,0,0,0,0
2020-02-27,ITA,17,Basilicata,40.63947052,15.80514834,0,0,0,0,0,0,0,0,0,0,0
2020-02-28,ITA,17,Basilicata,40.63947052,15.80514834,0,0,0,0,0,0,0,0,0,0,0
2020-02-29,ITA,17,Basilicata,40.63947052,15.80514834,0,0,0,0,0,0,0,0,0,0,32
2020-03-01,ITA,17,Basilicata,40.63947052,15.80514834,0,0,0,0,0,0,0,0,0,0,7
2020-03-02,ITA,17,Basilicata,40.63947052,15.80514834,0,0,0,0,0,0,0,0,0,0,0
2020-03-03,ITA,17,Basilicata,40.63947052,15.80514834,0,0,0,1,1,1,1,0,0,1,3
2020-03-04,ITA,17,Basilicata,40.63947052,15.80514834,0,0,0,0,0,0,0,0,0,0,6
2020-03-05,ITA,17,Basilicata,40.63947052,15.80514834,0,0,0,0,0,0,0,0,0,0,6
2020-03-06,ITA,17,Basilicata,40.63947052,15.80514834,1,0,1,1,2,2,2,0,0,2,9
2020-03-07,ITA,17,Basilicata,40.63947052,15.80514834,0,0,0,0,0,0,0,0,0,0,12
2020-03-08,ITA,17,Basilicata,40.63947052,15.80514834,1,0,1,0,1,1,1,0,0,1,48
2020-03-09,ITA,17,Basilicata,40.63947052,15.80514834,0,0,0,1,1,1,1,0,0,1,12
2020-03-10,ITA,17,Basilicata,40.63947052,15.80514834,0,0,0,2,2,2,2,0,0,2,13
2020-03-11,ITA,17,Basilicata,40.63947052,15.80514834,-1,1,0,1,1,1,1,0,0,1,7
2020-03-12,ITA,17,Basilicata,40.63947052,15.80514834,0,0,0,0,0,0,0,0,0,0,0
2020-03-13,ITA,17,Basilicata,40.63947052,15.80514834,0,0,0,2,2,2,2,0,0,2,0
2020-03-14,ITA,17,Basilicata,40.63947052,15.80514834,-1,1,0,0,0,0,0,0,0,0,0
2020-03-15,ITA,17,Basilicata,40.63947052,15.80514834,0,0,0,1,1,1,1,0,0,1,53
2020-03-16,ITA,17,Basilicata,40.63947052,15.80514834,1,0,1,0,1,1,1,0,0,1,22
2020-03-17,ITA,17,Basilicata,40.63947052,15.80514834,4,0,4,4,8,8,8,0,0,8,32
2020-03-18,ITA,17,Basilicata,40.63947052,15.80514834,4,0,4,3,7,7,7,0,0,7,0
2020-03-19,ITA,17,Basilicata,40.63947052,15.80514834,-1,3,2,8,10,10,10,0,0,10,91
2020-03-20,ITA,17,Basilicata,40.63947052,15.80514834,0,0,0,15,15,15,15,0,0,15,90
2020-03-21,ITA,17,Basilicata,40.63947052,15.80514834,4,2,6,8,14,14,14,0,0,14,79
2020-03-22,ITA,17,Basilicata,40.63947052,15.80514834,1,3,4,11,15,15,15,0,0,15,121
2020-03-23,ITA,17,Basilicata,40.63947052,15.80514834,2,2,4,4,8,8,8,0,1,9,53
2020-03-24,ITA,17,Basilicata,40.63947052,15.80514834,-1,0,-1,3,2,2,2,0,0,2,48
2020-03-25,ITA,17,Basilicata,40.63947052,15.80514834,6,2,8,13,21,21,21,0,0,21,113
2020-03-26,ITA,17,Basilicata,40.63947052,15.80514834,2,2,4,17,21,21,21,0,0,21,189
2020-03-27,ITA,17,Basilicata,40.63947052,15.80514834,0,-1,-1,15,14,14,14,1,2,17,208
2020-03-28,ITA,17,Basilicata,40.63947052,15.80514834,4,4,8,23,31,31,31,0,0,31,167
2020-03-29,ITA,17,Basilicata,40.63947052,15.80514834,6,-1,5,14,19,19,19,0,1,20,164
2020-03-30,ITA,17,Basilicata,40.63947052,15.80514834,4,0,4,7,11,11,11,0,1,12,248
2020-03-31,ITA,17,Basilicata,40.63947052,15.80514834,1,-1,0,8,8,8,8,2,2,12,210
2020-04-01,ITA,17,Basilicata,40.63947052,15.80514834,2,-2,0,9,9,9,9,0,2,11,219
2020-04-02,ITA,17,Basilicata,40.63947052,15.80514834,-1,4,3,5,8,8,8,0,1,9,165
2020-04-03,ITA,17,Basilicata,40.63947052,15.80514834,3,0,3,11,14,14,14,0,1,15,195
2020-04-04,ITA,17,Basilicata,40.63947052,15.80514834,3,0,3,-6,-3,-3,-3,6,0,3,143
2020-04-05,ITA,17,Basilicata,40.63947052,15.80514834,2,-1,1,9,10,10,10,2,2,14,166
2020-02-24,ITA,18,Calabria,38.90597598,16.59440194,0,0,0,0,0,0,0,0,0,0,1,,
2020-02-25,ITA,18,Calabria,38.90597598,16.59440194,0,0,0,0,0,0,0,0,0,0,1
2020-02-26,ITA,18,Calabria,38.90597598,16.59440194,0,0,0,0,0,0,0,0,0,0,1
2020-02-27,ITA,18,Calabria,38.90597598,16.59440194,0,0,0,0,0,0,0,0,0,0,11
2020-02-28,ITA,18,Calabria,38.90597598,16.59440194,0,0,0,1,1,1,1,0,0,1,7
2020-02-29,ITA,18,Calabria,38.90597598,16.59440194,0,0,0,0,0,0,0,0,0,0,6
2020-03-01,ITA,18,Calabria,38.90597598,16.59440194,0,0,0,0,0,0,0,0,0,0,8
2020-03-02,ITA,18,Calabria,38.90597598,16.59440194,0,0,0,0,0,0,0,0,0,0,4
2020-03-03,ITA,18,Calabria,38.90597598,16.59440194,0,0,0,0,0,0,0,0,0,0,0
2020-03-04,ITA,18,Calabria,38.90597598,16.59440194,0,0,0,0,0,0,0,0,0,0,7
2020-03-05,ITA,18,Calabria,38.90597598,16.59440194,1,0,1,0,1,1,1,0,0,1,7
2020-03-06,ITA,18,Calabria,38.90597598,16.59440194,1,0,1,1,2,2,2,0,0,2,46
2020-03-07,ITA,18,Calabria,38.90597598,16.59440194,0,0,0,0,0,0,0,0,0,0,14
2020-03-08,ITA,18,Calabria,38.90597598,16.59440194,3,0,3,2,5,5,5,0,0,5,0
2020-03-09,ITA,18,Calabria,38.90597598,16.59440194,3,0,3,-3,0,0,0,2,0,2,60
2020-03-10,ITA,18,Calabria,38.90597598,16.59440194,0,2,2,0,2,2,2,0,0,2,187
2020-03-11,ITA,18,Calabria,38.90597598,16.59440194,2,0,2,4,6,6,6,0,0,6,45
2020-03-12,ITA,18,Calabria,38.90597598,16.59440194,4,0,4,11,15,15,15,-1,0,14,78
2020-03-13,ITA,18,Calabria,38.90597598,16.59440194,4,1,5,0,5,5,5,0,0,5,21
2020-03-14,ITA,18,Calabria,38.90597598,16.59440194,4,1,5,17,22,22,22,0,0,22,207
2020-03-15,ITA,18,Calabria,38.90597598,16.59440194,10,2,12,-5,7,7,7,0,1,8,173
2020-03-16,ITA,18,Calabria,38.90597598,16.59440194,4,1,5,16,21,21,21,0,0,21,146
2020-03-17,ITA,18,Calabria,38.90597598,16.59440194,9,3,12,13,25,25,25,0,0,25,263
2020-03-18,ITA,18,Calabria,38.90597598,16.59440194,0,1,1,13,14,14,14,1,0,15,375
2020-03-19,ITA,18,Calabria,38.90597598,16.59440194,15,2,17,21,38,38,38,0,2,40,674
2020-03-20,ITA,18,Calabria,38.90597598,16.59440194,11,3,14,23,37,37,37,0,1,38,348
2020-03-21,ITA,18,Calabria,38.90597598,16.59440194,2,0,2,22,24,24,24,3,1,28,360
2020-03-22,ITA,18,Calabria,38.90597598,16.59440194,4,1,5,30,35,35,35,0,3,38,616
2020-03-23,ITA,18,Calabria,38.90597598,16.59440194,5,3,8,12,20,20,20,0,-1,19,407
2020-03-24,ITA,18,Calabria,38.90597598,16.59440194,6,1,7,17,24,24,24,0,3,27,413
2020-03-25,ITA,18,Calabria,38.90597598,16.59440194,5,2,7,22,29,29,29,2,1,32,572
2020-03-26,ITA,18,Calabria,38.90597598,16.59440194,8,0,8,31,39,39,39,0,3,42,875
2020-03-27,ITA,18,Calabria,38.90597598,16.59440194,2,-1,1,96,97,97,97,0,4,101,968
2020-03-28,ITA,18,Calabria,38.90597598,16.59440194,4,0,4,50,54,54,54,4,3,61,859
2020-03-29,ITA,18,Calabria,38.90597598,16.59440194,17,-3,14,40,54,54,54,1,4,59,725
2020-03-30,ITA,18,Calabria,38.90597598,16.59440194,6,-1,5,20,25,25,25,2,6,33,528
2020-03-31,ITA,18,Calabria,38.90597598,16.59440194,2,-1,1,3,4,4,4,3,5,12,314
2020-04-01,ITA,18,Calabria,38.90597598,16.59440194,12,-1,11,-7,4,4,4,4,2,10,656
2020-04-02,ITA,18,Calabria,38.90597598,16.59440194,19,3,22,-5,17,17,17,2,3,22,696
2020-04-03,ITA,18,Calabria,38.90597598,16.59440194,20,-2,18,17,35,35,35,3,4,42,929
2020-04-04,ITA,18,Calabria,38.90597598,16.59440194,-5,-2,-7,7,0,0,0,4,4,8,706
2020-04-05,ITA,18,Calabria,38.90597598,16.59440194,-4,-2,-6,50,44,44,44,3,7,54,763
2020-02-24,ITA,15,Campania,40.83956555,14.25084984,0,0,0,0,0,0,0,0,0,0,10,,
2020-02-25,ITA,15,Campania,40.83956555,14.25084984,0,0,0,0,0,0,0,0,0,0,0
2020-02-26,ITA,15,Campania,40.83956555,14.25084984,0,0,0,0,0,0,0,0,0,0,0
2020-02-27,ITA,15,Campania,40.83956555,14.25084984,2,0,2,1,3,3,3,0,0,3,0
2020-02-28,ITA,15,Campania,40.83956555,14.25084984,0,0,0,1,1,1,1,0,0,1,203
2020-02-29,ITA,15,Campania,40.83956555,14.25084984,1,0,1,8,9,9,9,0,0,9,160
2020-03-01,ITA,15,Campania,40.83956555,14.25084984,1,0,1,3,4,4,4,0,0,4,0
2020-03-02,ITA,15,Campania,40.83956555,14.25084984,0,0,0,0,0,0,0,0,0,0,0
2020-03-03,ITA,15,Campania,40.83956555,14.25084984,7,0,7,6,13,13,13,0,0,13,32
2020-03-04,ITA,15,Campania,40.83956555,14.25084984,0,0,0,1,1,1,1,0,0,1,24
2020-03-05,ITA,15,Campania,40.83956555,14.25084984,1,0,1,13,14,14,14,0,0,14,42
2020-03-06,ITA,15,Campania,40.83956555,14.25084984,0,0,0,12,12,12,12,0,0,12,0
2020-03-07,ITA,15,Campania,40.83956555,14.25084984,4,0,4,0,4,4,4,0,0,4,141
2020-03-08,ITA,15,Campania,40.83956555,14.25084984,14,7,21,18,39,39,39,1,0,40,368
2020-03-09,ITA,15,Campania,40.83956555,14.25084984,12,1,13,6,19,19,19,0,0,19,0
2020-03-10,ITA,15,Campania,40.83956555,14.25084984,-9,0,-9,16,7,7,7,0,0,7,161
2020-03-11,ITA,15,Campania,40.83956555,14.25084984,23,3,26,-3,23,23,23,3,1,27,234
2020-03-12,ITA,15,Campania,40.83956555,14.25084984,0,0,0,25,25,25,25,0,0,25,176
2020-03-13,ITA,15,Campania,40.83956555,14.25084984,4,8,12,27,39,39,39,1,1,41,120
2020-03-14,ITA,15,Campania,40.83956555,14.25084984,12,-2,10,20,30,30,30,18,4,52,265
2020-03-15,ITA,15,Campania,40.83956555,14.25084984,1,5,6,47,53,53,53,5,3,61,277
2020-03-16,ITA,15,Campania,40.83956555,14.25084984,30,0,30,37,67,67,67,0,0,67,304
2020-03-17,ITA,15,Campania,40.83956555,14.25084984,24,2,26,34,60,60,60,0,0,60,168
2020-03-18,ITA,15,Campania,40.83956555,14.25084984,0,0,0,0,0,0,0,0,0,0,0
2020-03-19,ITA,15,Campania,40.83956555,14.25084984,86,12,98,84,182,182,182,2,8,192,859
2020-03-20,ITA,15,Campania,40.83956555,14.25084984,-83,5,-78,175,97,97,97,0,0,97,301
2020-03-21,ITA,15,Campania,40.83956555,14.25084984,103,46,149,-58,91,91,91,-1,5,95,603
2020-03-22,ITA,15,Campania,40.83956555,14.25084984,10,12,22,51,73,73,73,12,7,92,495
2020-03-23,ITA,15,Campania,40.83956555,14.25084984,23,11,34,29,63,63,63,7,20,90,870
2020-03-24,ITA,15,Campania,40.83956555,14.25084984,79,71,150,-87,63,63,63,5,7,75,484
2020-03-25,ITA,15,Campania,40.83956555,14.25084984,-27,-58,-85,165,80,80,80,0,18,98,675
2020-03-26,ITA,15,Campania,40.83956555,14.25084984,130,-9,121,-24,97,97,97,5,9,111,1374
2020-03-27,ITA,15,Campania,40.83956555,14.25084984,8,-1,7,116,123,123,123,6,15,144,1267
2020-03-28,ITA,15,Campania,40.83956555,14.25084984,7,19,26,89,115,115,115,12,11,138,1003
2020-03-29,ITA,15,Campania,40.83956555,14.25084984,13,3,16,133,149,149,149,10,8,167,1189
2020-03-30,ITA,15,Campania,40.83956555,14.25084984,-8,-9,-17,200,183,183,183,2,8,193,1164
2020-03-31,ITA,15,Campania,40.83956555,14.25084984,33,7,40,92,132,132,132,0,8,140,1434
2020-04-01,ITA,15,Campania,40.83956555,14.25084984,-23,-4,-27,132,105,105,105,19,15,139,1325
2020-04-02,ITA,15,Campania,40.83956555,14.25084984,25,-9,16,148,164,164,164,42,19,225,1676
2020-04-03,ITA,15,Campania,40.83956555,14.25084984,29,-5,24,188,212,212,212,-5,14,221,1833
2020-04-04,ITA,15,Campania,40.83956555,14.25084984,35,-1,34,110,144,144,144,2,5,151,2297
2020-04-05,ITA,15,Campania,40.83956555,14.25084984,42,-6,36,89,125,125,125,4,3,132,1605
2020-02-24,ITA,08,Emilia-Romagna,44.49436681,11.3417208,10,2,12,6,18,0,18,0,0,18,148,,
2020-02-25,ITA,08,Emilia-Romagna,44.49436681,11.3417208,5,0,5,3,8,8,8,0,0,8,243
2020-02-26,ITA,08,Emilia-Romagna,44.49436681,11.3417208,5,1,6,14,20,20,20,0,1,21,186
2020-02-27,ITA,08,Emilia-Romagna,44.49436681,11.3417208,16,3,19,31,50,50,50,0,0,50,456
2020-02-28,ITA,08,Emilia-Romagna,44.49436681,11.3417208,20,0,20,27,47,47,47,0,1,48,244
2020-02-29,ITA,08,Emilia-Romagna,44.49436681,11.3417208,30,5,35,35,70,70,70,0,2,72,273
2020-03-01,ITA,08,Emilia-Romagna,44.49436681,11.3417208,41,2,43,21,64,64,64,0,4,68,245
2020-03-02,ITA,08,Emilia-Romagna,44.49436681,11.3417208,21,3,24,23,47,47,47,0,3,50,178
2020-03-03,ITA,08,Emilia-Romagna,44.49436681,11.3417208,39,8,47,27,74,74,74,4,7,85,39
2020-03-04,ITA,08,Emilia-Romagna,44.49436681,11.3417208,69,2,71,47,118,118,118,2,4,124,488
2020-03-05,ITA,08,Emilia-Romagna,44.49436681,11.3417208,71,6,77,65,142,142,142,4,8,154,384
2020-03-06,ITA,08,Emilia-Romagna,44.49436681,11.3417208,70,21,91,67,158,158,158,7,7,172,252
2020-03-07,ITA,08,Emilia-Romagna,44.49436681,11.3417208,67,11,78,43,121,121,121,8,11,140,468
2020-03-08,ITA,08,Emilia-Romagna,44.49436681,11.3417208,78,11,89,71,160,160,160,2,8,170,740
2020-03-09,ITA,08,Emilia-Romagna,44.49436681,11.3417208,34,15,49,140,189,189,189,3,14,206,562
2020-03-10,ITA,08,Emilia-Romagna,44.49436681,11.3417208,93,8,101,30,131,131,131,1,15,147,588
2020-03-11,ITA,08,Emilia-Romagna,44.49436681,11.3417208,76,6,82,89,171,171,171,7,28,206,1146
2020-03-12,ITA,08,Emilia-Romagna,44.49436681,11.3417208,69,8,77,93,170,170,170,5,33,208,960
2020-03-13,ITA,08,Emilia-Romagna,44.49436681,11.3417208,128,16,144,109,253,253,253,8,55,316,1187
2020-03-14,ITA,08,Emilia-Romagna,44.49436681,11.3417208,134,24,158,180,338,338,338,3,40,381,1256
2020-03-15,ITA,08,Emilia-Romagna,44.49436681,11.3417208,139,17,156,236,392,392,392,14,43,449,2011
2020-03-16,ITA,08,Emilia-Romagna,44.49436681,11.3417208,147,28,175,172,347,347,347,20,62,429,1042
2020-03-17,ITA,08,Emilia-Romagna,44.49436681,11.3417208,204,26,230,86,316,316,316,46,47,409,1414
2020-03-18,ITA,08,Emilia-Romagna,44.49436681,11.3417208,218,24,242,269,511,511,511,18,65,594,951
2020-03-19,ITA,08,Emilia-Romagna,44.49436681,11.3417208,116,13,129,462,591,591,591,25,73,689,2883
2020-03-20,ITA,08,Emilia-Romagna,44.49436681,11.3417208,183,7,190,393,583,583,583,62,109,754,2409
2020-03-21,ITA,08,Emilia-Romagna,44.49436681,11.3417208,184,-2,182,390,572,572,572,90,75,737,3867
2020-03-22,ITA,08,Emilia-Romagna,44.49436681,11.3417208,162,4,166,563,729,729,729,20,101,850,3402
2020-03-23,ITA,08,Emilia-Romagna,44.49436681,11.3417208,417,7,424,406,830,830,830,74,76,980,3178
2020-03-24,ITA,08,Emilia-Romagna,44.49436681,11.3417208,128,15,143,348,491,491,491,135,93,719,2327
2020-03-25,ITA,08,Emilia-Romagna,44.49436681,11.3417208,206,3,209,336,545,545,545,163,92,800,4518
2020-03-26,ITA,08,Emilia-Romagna,44.49436681,11.3417208,174,7,181,413,594,594,594,71,97,762,4350
2020-03-27,ITA,08,Emilia-Romagna,44.49436681,11.3417208,107,7,114,397,511,511,511,168,93,772,5403
2020-03-28,ITA,08,Emilia-Romagna,44.49436681,11.3417208,234,8,242,361,603,603,603,115,77,795,5193
2020-03-29,ITA,08,Emilia-Romagna,44.49436681,11.3417208,74,17,91,480,571,571,571,66,99,736,0
2020-03-30,ITA,08,Emilia-Romagna,44.49436681,11.3417208,10,18,28,203,231,231,231,86,95,412,-2001
2020-03-31,ITA,08,Emilia-Romagna,44.49436681,11.3417208,-14,2,-12,199,187,187,187,250,106,543,3542
2020-04-01,ITA,08,Emilia-Romagna,44.49436681,11.3417208,133,6,139,397,536,536,536,89,88,713,3925
2020-04-02,ITA,08,Emilia-Romagna,44.49436681,11.3417208,46,7,53,317,370,370,370,97,79,546,2050
2020-04-03,ITA,08,Emilia-Romagna,44.49436681,11.3417208,-29,-2,-31,350,319,319,319,189,91,599,3175
2020-04-04,ITA,08,Emilia-Romagna,44.49436681,11.3417208,-56,-6,-62,407,345,345,345,188,75,608,3393
2020-04-05,ITA,08,Emilia-Romagna,44.49436681,11.3417208,-20,17,-3,317,314,314,314,161,74,549,2911
2020-02-24,ITA,06,Friuli Venezia Giulia,45.6494354,13.76813649,0,0,0,0,0,0,0,0,0,0,58,,
2020-02-25,ITA,06,Friuli Venezia Giulia,45.6494354,13.76813649,0,0,0,0,0,0,0,0,0,0,31
2020-02-26,ITA,06,Friuli Venezia Giulia,45.6494354,13.76813649,0,0,0,0,0,0,0,0,0,0,25
2020-02-27,ITA,06,Friuli Venezia Giulia,45.6494354,13.76813649,0,0,0,0,0,0,0,0,0,0,27
2020-02-28,ITA,06,Friuli Venezia Giulia,45.6494354,13.76813649,0,0,0,0,0,0,0,0,0,0,28
2020-02-29,ITA,06,Friuli Venezia Giulia,45.6494354,13.76813649,0,0,0,0,0,0,0,0,0,0,20
2020-03-01,ITA,06,Friuli Venezia Giulia,45.6494354,13.76813649,0,0,0,6,6,6,6,0,0,6,54
2020-03-02,ITA,06,Friuli Venezia Giulia,45.6494354,13.76813649,0,0,0,3,3,3,3,0,0,3,26
2020-03-03,ITA,06,Friuli Venezia Giulia,45.6494354,13.76813649,1,0,1,3,4,4,4,0,0,4,85
2020-03-04,ITA,06,Friuli Venezia Giulia,45.6494354,13.76813649,2,0,2,3,5,5,5,0,0,5,22
2020-03-05,ITA,06,Friuli Venezia Giulia,45.6494354,13.76813649,1,0,1,2,3,3,3,0,0,3,21
2020-03-06,ITA,06,Friuli Venezia Giulia,45.6494354,13.76813649,0,0,0,7,7,7,7,3,0,10,180
2020-03-07,ITA,06,Friuli Venezia Giulia,45.6494354,13.76813649,3,1,4,7,11,11,11,0,0,11,0
2020-03-08,ITA,06,Friuli Venezia Giulia,45.6494354,13.76813649,0,0,0,14,14,14,14,0,1,15,420
2020-03-09,ITA,06,Friuli Venezia Giulia,45.6494354,13.76813649,11,0,11,25,36,36,36,0,0,36,347
2020-03-10,ITA,06,Friuli Venezia Giulia,45.6494354,13.76813649,9,5,14,7,21,21,21,0,2,23,258
2020-03-11,ITA,06,Friuli Venezia Giulia,45.6494354,13.76813649,-11,-1,-12,12,0,0,0,7,3,10,471
2020-03-12,ITA,06,Friuli Venezia Giulia,45.6494354,13.76813649,7,5,12,26,38,38,38,1,2,41,531
2020-03-13,ITA,06,Friuli Venezia Giulia,45.6494354,13.76813649,36,-2,34,54,88,88,88,0,2,90,545
2020-03-14,ITA,06,Friuli Venezia Giulia,45.6494354,13.76813649,8,3,11,24,35,35,35,6,3,44,227
2020-03-15,ITA,06,Friuli Venezia Giulia,45.6494354,13.76813649,31,1,32,13,45,45,45,0,1,46,31
2020-03-16,ITA,06,Friuli Venezia Giulia,45.6494354,13.76813649,-2,7,5,25,30,30,30,1,8,39,1444
2020-03-17,ITA,06,Friuli Venezia Giulia,45.6494354,13.76813649,8,2,10,-9,1,1,1,-1,8,8,107
2020-03-18,ITA,06,Friuli Venezia Giulia,45.6494354,13.76813649,24,6,30,39,69,69,69,-2,1,68,0
2020-03-19,ITA,06,Friuli Venezia Giulia,45.6494354,13.76813649,6,2,8,98,106,106,106,26,5,137,-906
2020-03-20,ITA,06,Friuli Venezia Giulia,45.6494354,13.76813649,9,3,12,21,33,33,33,22,2,57,912
2020-03-21,ITA,06,Friuli Venezia Giulia,45.6494354,13.76813649,9,5,14,97,111,111,111,19,4,134,991
2020-03-22,ITA,06,Friuli Venezia Giulia,45.6494354,13.76813649,11,10,21,51,72,72,72,7,5,84,806
2020-03-23,ITA,06,Friuli Venezia Giulia,45.6494354,13.76813649,22,-6,16,17,33,33,33,16,7,56,663
2020-03-24,ITA,06,Friuli Venezia Giulia,45.6494354,13.76813649,10,8,18,59,77,77,77,-25,10,62,1102
2020-03-25,ITA,06,Friuli Venezia Giulia,45.6494354,13.76813649,5,3,8,55,63,63,63,78,6,147,968
2020-03-26,ITA,06,Friuli Venezia Giulia,45.6494354,13.76813649,12,2,14,29,43,43,43,39,2,84,1227
2020-03-27,ITA,06,Friuli Venezia Giulia,45.6494354,13.76813649,10,3,13,60,73,73,73,17,4,94,1120
2020-03-28,ITA,06,Friuli Venezia Giulia,45.6494354,13.76813649,1,2,3,90,93,93,93,15,11,119,882
2020-03-29,ITA,06,Friuli Venezia Giulia,45.6494354,13.76813649,13,1,14,7,21,21,21,12,11,44,674
2020-03-30,ITA,06,Friuli Venezia Giulia,45.6494354,13.76813649,-7,0,-7,-25,-32,-32,-32,44,9,21,606
2020-03-31,ITA,06,Friuli Venezia Giulia,45.6494354,13.76813649,-14,0,-14,65,51,51,51,35,6,92,896
2020-04-01,ITA,06,Friuli Venezia Giulia,45.6494354,13.76813649,-9,0,-9,55,46,46,46,37,9,92,1088
2020-04-02,ITA,06,Friuli Venezia Giulia,45.6494354,13.76813649,-7,0,-7,95,88,88,88,19,7,114,1134
2020-04-03,ITA,06,Friuli Venezia Giulia,45.6494354,13.76813649,2,1,3,27,30,30,30,43,7,80,2864
2020-04-04,ITA,06,Friuli Venezia Giulia,45.6494354,13.76813649,-18,-11,-29,41,12,12,12,86,9,107,1141
2020-04-05,ITA,06,Friuli Venezia Giulia,45.6494354,13.76813649,2,0,2,25,27,27,27,26,9,62,526
2020-02-24,ITA,12,Lazio,41.89277044,12.48366722,1,1,2,0,2,0,2,1,0,3,124,,
2020-02-25,ITA,12,Lazio,41.89277044,12.48366722,0,0,0,0,0,0,0,0,0,0,0
2020-02-26,ITA,12,Lazio,41.89277044,12.48366722,-1,-1,-2,0,-2,-2,-2,2,0,0,0
2020-02-27,ITA,12,Lazio,41.89277044,12.48366722,0,0,0,0,0,0,0,0,0,0,428
2020-02-28,ITA,12,Lazio,41.89277044,12.48366722,0,0,0,0,0,0,0,0,0,0,59
2020-02-29,ITA,12,Lazio,41.89277044,12.48366722,3,0,3,0,3,3,3,0,0,3,68
2020-03-01,ITA,12,Lazio,41.89277044,12.48366722,0,0,0,0,0,0,0,0,0,0,45
2020-03-02,ITA,12,Lazio,41.89277044,12.48366722,0,0,0,1,1,1,1,0,0,1,49
2020-03-03,ITA,12,Lazio,41.89277044,12.48366722,7,0,7,0,7,7,7,0,0,7,104
2020-03-04,ITA,12,Lazio,41.89277044,12.48366722,5,3,8,8,16,16,16,0,0,16,118
2020-03-05,ITA,12,Lazio,41.89277044,12.48366722,5,4,9,5,14,14,14,0,0,14,180
2020-03-06,ITA,12,Lazio,41.89277044,12.48366722,6,1,7,2,9,9,9,0,1,10,198
2020-03-07,ITA,12,Lazio,41.89277044,12.48366722,17,0,17,5,22,22,22,0,0,22,209
2020-03-08,ITA,12,Lazio,41.89277044,12.48366722,4,0,4,5,9,9,9,0,2,11,347
2020-03-09,ITA,12,Lazio,41.89277044,12.48366722,8,0,8,5,13,13,13,0,2,15,0
2020-03-10,ITA,12,Lazio,41.89277044,12.48366722,-5,7,2,3,5,5,5,8,1,14,1662
2020-03-11,ITA,12,Lazio,41.89277044,12.48366722,17,3,20,6,26,26,26,8,0,34,0
2020-03-12,ITA,12,Lazio,41.89277044,12.48366722,18,2,20,27,47,47,47,0,3,50,2001
2020-03-13,ITA,12,Lazio,41.89277044,12.48366722,37,4,41,29,70,70,70,5,2,77,899
2020-03-14,ITA,12,Lazio,41.89277044,12.48366722,59,1,60,18,78,78,78,0,2,80,844
2020-03-15,ITA,12,Lazio,41.89277044,12.48366722,42,6,48,28,76,76,76,0,3,79,1010
2020-03-16,ITA,12,Lazio,41.89277044,12.48366722,44,0,44,32,76,76,76,8,3,87,985
2020-03-17,ITA,12,Lazio,41.89277044,12.48366722,47,13,60,18,78,78,78,2,4,84,106
2020-03-18,ITA,12,Lazio,41.89277044,12.48366722,60,0,60,40,100,100,100,8,9,117,1709
2020-03-19,ITA,12,Lazio,41.89277044,12.48366722,52,1,53,38,91,91,91,2,6,99,0
2020-03-20,ITA,12,Lazio,41.89277044,12.48366722,111,2,113,58,171,171,171,9,5,185,2744
2020-03-21,ITA,12,Lazio,41.89277044,12.48366722,54,23,77,97,174,174,174,1,7,182,0
2020-03-22,ITA,12,Lazio,41.89277044,12.48366722,80,9,89,97,186,186,186,4,3,193,3956
2020-03-23,ITA,12,Lazio,41.89277044,12.48366722,47,17,64,78,142,142,142,5,10,157,526
2020-03-24,ITA,12,Lazio,41.89277044,12.48366722,29,-2,27,104,131,131,131,40,17,188,0
2020-03-25,ITA,12,Lazio,41.89277044,12.48366722,58,7,65,65,130,130,130,28,15,173,2298
2020-03-26,ITA,12,Lazio,41.89277044,12.48366722,73,12,85,75,160,160,160,24,11,195,2102
2020-03-27,ITA,12,Lazio,41.89277044,12.48366722,114,13,127,51,178,178,178,9,12,199,1335
2020-03-28,ITA,12,Lazio,41.89277044,12.48366722,-7,7,0,168,168,168,168,36,6,210,3073
2020-03-29,ITA,12,Lazio,41.89277044,12.48366722,77,0,77,104,181,181,181,8,12,201,565
2020-03-30,ITA,12,Lazio,41.89277044,12.48366722,17,21,38,97,135,135,135,59,14,208,5102
2020-03-31,ITA,12,Lazio,41.89277044,12.48366722,48,19,67,78,145,145,145,24,12,181,1831
2020-04-01,ITA,12,Lazio,41.89277044,12.48366722,4,4,8,108,116,116,116,46,7,169,1133
2020-04-02,ITA,12,Lazio,41.89277044,12.48366722,38,4,42,79,121,121,121,32,16,169,5765
2020-04-03,ITA,12,Lazio,41.89277044,12.48366722,25,7,32,98,130,130,130,23,14,167,2201
2020-04-04,ITA,12,Lazio,41.89277044,12.48366722,42,5,47,50,97,97,97,47,13,157,848
2020-04-05,ITA,12,Lazio,41.89277044,12.48366722,-1,4,3,77,80,80,80,36,7,123,34
2020-02-24,ITA,07,Liguria,44.41149315,8.9326992,0,0,0,0,0,0,0,0,0,0,1,,
2020-02-25,ITA,07,Liguria,44.41149315,8.9326992,1,0,1,0,1,1,1,0,0,1,38
2020-02-26,ITA,07,Liguria,44.41149315,8.9326992,5,0,5,5,10,10,10,0,0,10,27
2020-02-27,ITA,07,Liguria,44.41149315,8.9326992,3,0,3,5,8,8,8,0,0,8,12
2020-02-28,ITA,07,Liguria,44.41149315,8.9326992,0,0,0,0,0,0,0,0,0,0,34
2020-02-29,ITA,07,Liguria,44.41149315,8.9326992,-5,1,-4,23,19,19,19,4,0,23,9
2020-03-01,ITA,07,Liguria,44.41149315,8.9326992,8,0,8,-25,-17,-17,-17,0,0,-17,0
2020-03-02,ITA,07,Liguria,44.41149315,8.9326992,0,0,0,-3,-3,-3,-3,0,0,-3,0
2020-03-03,ITA,07,Liguria,44.41149315,8.9326992,0,1,1,0,1,1,1,0,1,2,0
2020-03-04,ITA,07,Liguria,44.41149315,8.9326992,-2,1,-1,3,2,2,2,0,0,2,12
2020-03-05,ITA,07,Liguria,44.41149315,8.9326992,1,0,1,-1,0,0,0,0,2,2,13
2020-03-06,ITA,07,Liguria,44.41149315,8.9326992,1,2,3,0,3,3,3,1,0,4,83
2020-03-07,ITA,07,Liguria,44.41149315,8.9326992,14,1,15,3,18,18,18,0,1,19,102
2020-03-08,ITA,07,Liguria,44.41149315,8.9326992,13,5,18,7,25,25,25,0,2,27,70
2020-03-09,ITA,07,Liguria,44.41149315,8.9326992,21,6,27,3,30,30,30,0,1,31,210
2020-03-10,ITA,07,Liguria,44.41149315,8.9326992,-3,12,9,22,31,31,31,0,1,32,83
2020-03-11,ITA,07,Liguria,44.41149315,8.9326992,17,5,22,31,53,53,53,0,0,53,331
2020-03-12,ITA,07,Liguria,44.41149315,8.9326992,26,2,28,34,62,62,62,15,3,80,149
2020-03-13,ITA,07,Liguria,44.41149315,8.9326992,28,8,36,25,61,61,61,4,6,71,268
2020-03-14,ITA,07,Liguria,44.41149315,8.9326992,85,18,103,-23,80,80,80,28,10,118,308
2020-03-15,ITA,07,Liguria,44.41149315,8.9326992,40,4,44,65,109,109,109,-19,6,96,223
2020-03-16,ITA,07,Liguria,44.41149315,8.9326992,2,7,9,73,82,82,82,9,17,108,216
2020-03-17,ITA,07,Liguria,44.41149315,8.9326992,44,12,56,30,86,86,86,15,10,111,320
2020-03-18,ITA,07,Liguria,44.41149315,8.9326992,102,15,117,-34,83,83,83,13,13,109,403
2020-03-19,ITA,07,Liguria,44.41149315,8.9326992,90,12,102,37,139,139,139,15,18,172,436
2020-03-20,ITA,07,Liguria,44.41149315,8.9326992,82,9,91,27,118,118,118,16,28,162,446
2020-03-21,ITA,07,Liguria,44.41149315,8.9326992,25,8,33,125,158,158,158,24,33,215,510
2020-03-22,ITA,07,Liguria,44.41149315,8.9326992,138,3,141,51,192,192,192,18,19,229,691
2020-03-23,ITA,07,Liguria,44.41149315,8.9326992,25,1,26,176,202,202,202,16,41,259,543
2020-03-24,ITA,07,Liguria,44.41149315,8.9326992,42,14,56,83,139,139,139,34,19,192,454
2020-03-25,ITA,07,Liguria,44.41149315,8.9326992,124,0,124,10,134,134,134,32,23,189,610
2020-03-26,ITA,07,Liguria,44.41149315,8.9326992,71,7,78,123,201,201,201,35,26,262,702
2020-03-27,ITA,07,Liguria,44.41149315,8.9326992,25,3,28,5,33,33,33,45,51,129,500
2020-03-28,ITA,07,Liguria,44.41149315,8.9326992,8,10,18,8,26,26,26,73,27,126,373
2020-03-29,ITA,07,Liguria,44.41149315,8.9326992,46,-1,45,148,193,193,193,42,19,254,923
2020-03-30,ITA,07,Liguria,44.41149315,8.9326992,65,9,74,30,104,104,104,17,20,141,577
2020-03-31,ITA,07,Liguria,44.41149315,8.9326992,11,4,15,110,125,125,125,43,31,199,699
2020-04-01,ITA,07,Liguria,44.41149315,8.9326992,-39,0,-39,176,137,137,137,75,32,244,958
2020-04-02,ITA,07,Liguria,44.41149315,8.9326992,6,-7,-1,16,15,15,15,79,28,122,735
2020-04-03,ITA,07,Liguria,44.41149315,8.9326992,27,1,28,58,86,86,86,66,31,183,865
2020-04-04,ITA,07,Liguria,44.41149315,8.9326992,-26,-4,-30,178,148,148,148,67,23,238,1153
2020-04-05,ITA,07,Liguria,44.41149315,8.9326992,5,-4,1,198,199,199,199,33,14,246,960
2020-02-24,ITA,03,Lombardia,45.46679409,9.190347404,76,19,95,71,166,0,166,0,6,172,1463,,
2020-02-25,ITA,03,Lombardia,45.46679409,9.190347404,3,6,9,56,65,65,65,0,3,68,2237
2020-02-26,ITA,03,Lombardia,45.46679409,9.190347404,0,0,0,18,18,18,18,0,0,18,-492
2020-02-27,ITA,03,Lombardia,45.46679409,9.190347404,93,16,109,-9,100,100,100,40,5,145,112
2020-02-28,ITA,03,Lombardia,45.46679409,9.190347404,63,6,69,56,125,125,125,0,3,128,1515
2020-02-29,ITA,03,Lombardia,45.46679409,9.190347404,21,33,54,24,78,78,78,0,6,84,888
2020-03-01,ITA,03,Lombardia,45.46679409,9.190347404,150,26,176,159,335,335,335,33,1,369,1156
2020-03-02,ITA,03,Lombardia,45.46679409,9.190347404,72,21,93,97,190,190,190,66,14,270,1046
2020-03-03,ITA,03,Lombardia,45.46679409,9.190347404,220,40,260,-11,249,249,249,0,17,266,1652
2020-03-04,ITA,03,Lombardia,45.46679409,9.190347404,179,42,221,-50,171,171,171,111,18,300,2561
2020-03-05,ITA,03,Lombardia,45.46679409,9.190347404,292,35,327,-47,280,280,280,126,25,431,216
2020-03-06,ITA,03,Lombardia,45.46679409,9.190347404,453,65,518,-287,231,231,231,93,37,361,1202
2020-03-07,ITA,03,Lombardia,45.46679409,9.190347404,39,50,89,645,734,734,734,55,19,808,2222
2020-03-08,ITA,03,Lombardia,45.46679409,9.190347404,556,40,596,34,630,630,630,26,113,769,2756
2020-03-09,ITA,03,Lombardia,45.46679409,9.190347404,585,41,626,492,1118,1118,1118,96,66,1280,1601
2020-03-10,ITA,03,Lombardia,45.46679409,9.190347404,517,26,543,-606,-63,-63,-63,250,135,322,1344
2020-03-11,ITA,03,Lombardia,45.46679409,9.190347404,533,94,627,709,1336,1336,1336,4,149,1489,4150
2020-03-12,ITA,03,Lombardia,45.46679409,9.190347404,395,45,440,693,1133,1133,1133,185,127,1445,3905
2020-03-13,ITA,03,Lombardia,45.46679409,9.190347404,188,45,233,603,836,836,836,113,146,1095,3166
2020-03-14,ITA,03,Lombardia,45.46679409,9.190347404,463,82,545,782,1327,1327,1327,462,76,1865,4438
2020-03-15,ITA,03,Lombardia,45.46679409,9.190347404,602,35,637,347,984,984,984,351,252,1587,3231
2020-03-16,ITA,03,Lombardia,45.46679409,9.190347404,671,56,727,91,818,818,818,357,202,1377,3196
2020-03-17,ITA,03,Lombardia,45.46679409,9.190347404,782,56,838,396,1234,1234,1234,117,220,1571,2884
2020-03-18,ITA,03,Lombardia,45.46679409,9.190347404,332,45,377,-206,171,171,171,1003,319,1493,2534
2020-03-19,ITA,03,Lombardia,45.46679409,9.190347404,102,82,184,1488,1672,1672,1672,290,209,2171,3261
2020-03-20,ITA,03,Lombardia,45.46679409,9.190347404,348,44,392,1090,1482,1482,1482,517,381,2380,4930
2020-03-21,ITA,03,Lombardia,45.46679409,9.190347404,523,43,566,1384,1950,1950,1950,755,546,3251,9556
2020-03-22,ITA,03,Lombardia,45.46679409,9.190347404,1181,49,1230,-715,515,515,515,815,361,1691,3868
2020-03-23,ITA,03,Lombardia,45.46679409,9.190347404,-173,41,-132,1157,1025,1025,1025,210,320,1555,2644
2020-03-24,ITA,03,Lombardia,45.46679409,9.190347404,445,11,456,502,958,958,958,582,402,1942,3453
2020-03-25,ITA,03,Lombardia,45.46679409,9.190347404,315,42,357,366,723,723,723,624,296,1643,4971
2020-03-26,ITA,03,Lombardia,45.46679409,9.190347404,655,27,682,916,1598,1598,1598,558,387,2543,6047
2020-03-27,ITA,03,Lombardia,45.46679409,9.190347404,456,29,485,1221,1706,1706,1706,162,541,2409,8147
2020-03-28,ITA,03,Lombardia,45.46679409,9.190347404,15,27,42,572,614,614,614,961,542,2117,6643
2020-03-29,ITA,03,Lombardia,45.46679409,9.190347404,461,9,470,413,883,883,883,293,416,1592,4895
2020-03-30,ITA,03,Lombardia,45.46679409,9.190347404,202,2,204,-590,-386,-386,-386,1082,458,1154,3659
2020-03-31,ITA,03,Lombardia,45.46679409,9.190347404,68,-6,62,56,118,118,118,548,381,1047,3583
2020-04-01,ITA,03,Lombardia,45.46679409,9.190347404,44,18,62,579,641,641,641,530,394,1565,6809
2020-04-02,ITA,03,Lombardia,45.46679409,9.190347404,-165,9,-156,267,111,111,111,814,367,1292,6837
2020-04-03,ITA,03,Lombardia,45.46679409,9.190347404,40,30,70,243,313,313,313,791,351,1455,6765
2020-04-04,ITA,03,Lombardia,45.46679409,9.190347404,200,-55,145,886,1031,1031,1031,222,345,1598,6826
2020-04-05,ITA,03,Lombardia,45.46679409,9.190347404,7,-9,-2,906,904,904,904,184,249,1337,8107
2020-02-24,ITA,11,Marche,43.61675973,13.5188753,0,0,0,0,0,0,0,0,0,0,16,,
2020-02-25,ITA,11,Marche,43.61675973,13.5188753,0,0,0,0,0,0,0,0,0,0,5
2020-02-26,ITA,11,Marche,43.61675973,13.5188753,1,0,1,0,1,1,1,0,0,1,7
2020-02-27,ITA,11,Marche,43.61675973,13.5188753,1,1,2,0,2,2,2,0,0,2,18
2020-02-28,ITA,11,Marche,43.61675973,13.5188753,1,1,2,1,3,3,3,0,0,3,1
2020-02-29,ITA,11,Marche,43.61675973,13.5188753,3,0,3,2,5,5,5,0,0,5,21
2020-03-01,ITA,11,Marche,43.61675973,13.5188753,6,3,9,5,14,14,14,0,0,14,33
2020-03-02,ITA,11,Marche,43.61675973,13.5188753,5,1,6,3,9,9,9,0,1,10,36
2020-03-03,ITA,11,Marche,43.61675973,13.5188753,10,7,17,8,25,25,25,0,1,26,63
2020-03-04,ITA,11,Marche,43.61675973,13.5188753,7,2,9,12,21,21,21,0,2,23,88
2020-03-05,ITA,11,Marche,43.61675973,13.5188753,23,4,27,13,40,40,40,0,0,40,125
2020-03-06,ITA,11,Marche,43.61675973,13.5188753,16,1,17,18,35,35,35,0,0,35,172
2020-03-07,ITA,11,Marche,43.61675973,13.5188753,21,16,37,9,46,46,46,0,2,48,231
2020-03-08,ITA,11,Marche,43.61675973,13.5188753,16,5,21,43,64,64,64,0,1,65,209
2020-03-09,ITA,11,Marche,43.61675973,13.5188753,26,6,32,16,48,48,48,0,3,51,225
2020-03-10,ITA,11,Marche,43.61675973,13.5188753,16,7,23,45,68,68,68,0,3,71,187
2020-03-11,ITA,11,Marche,43.61675973,13.5188753,60,12,72,8,80,80,80,0,5,85,219
2020-03-12,ITA,11,Marche,43.61675973,13.5188753,42,10,52,57,109,109,109,0,4,113,251
2020-03-13,ITA,11,Marche,43.61675973,13.5188753,83,9,92,36,128,128,128,0,5,133,311
2020-03-14,ITA,11,Marche,43.61675973,13.5188753,112,8,120,45,165,165,165,0,9,174,343
2020-03-15,ITA,11,Marche,43.61675973,13.5188753,72,5,77,147,224,224,224,0,10,234,385
2020-03-16,ITA,11,Marche,43.61675973,13.5188753,7,12,19,79,98,98,98,0,11,109,279
2020-03-17,ITA,11,Marche,43.61675973,13.5188753,71,-1,70,47,117,117,117,0,12,129,0
2020-03-18,ITA,11,Marche,43.61675973,13.5188753,39,10,49,125,174,174,174,0,23,197,884
2020-03-19,ITA,11,Marche,43.61675973,13.5188753,18,22,40,106,146,146,146,0,23,169,403
2020-03-20,ITA,11,Marche,43.61675973,13.5188753,48,-3,45,177,222,222,222,0,22,244,658
2020-03-21,ITA,11,Marche,43.61675973,13.5188753,38,3,41,112,153,153,153,2,17,172,570
2020-03-22,ITA,11,Marche,43.61675973,13.5188753,74,-3,71,163,234,234,234,4,30,268,651
2020-03-23,ITA,11,Marche,43.61675973,13.5188753,66,10,76,51,127,127,127,2,19,148,391
2020-03-24,ITA,11,Marche,43.61675973,13.5188753,-20,1,-19,158,139,139,139,0,28,167,447
2020-03-25,ITA,11,Marche,43.61675973,13.5188753,76,-1,75,67,142,142,142,0,56,198,667
2020-03-26,ITA,11,Marche,43.61675973,13.5188753,39,18,57,99,156,156,156,1,23,180,727
2020-03-27,ITA,11,Marche,43.61675973,13.5188753,2,-4,-2,57,55,55,55,1,26,82,437
2020-03-28,ITA,11,Marche,43.61675973,13.5188753,8,4,12,137,149,149,149,0,28,177,824
2020-03-29,ITA,11,Marche,43.61675973,13.5188753,13,2,15,146,161,161,161,2,22,185,547
2020-03-30,ITA,11,Marche,43.61675973,13.5188753,-2,-1,-3,94,91,91,91,4,31,126,548
2020-03-31,ITA,11,Marche,43.61675973,13.5188753,-52,2,-50,151,101,101,101,5,35,141,745
2020-04-01,ITA,11,Marche,43.61675973,13.5188753,38,-1,37,67,104,104,104,8,25,137,572
2020-04-02,ITA,11,Marche,43.61675973,13.5188753,2,-4,-2,101,99,99,99,11,26,136,647
2020-04-03,ITA,11,Marche,43.61675973,13.5188753,-4,-6,-10,86,76,76,76,2,54,132,735
2020-04-04,ITA,11,Marche,43.61675973,13.5188753,15,-5,10,-144,-134,-134,-134,228,17,111,794
2020-04-05,ITA,11,Marche,43.61675973,13.5188753,-10,-2,-12,93,81,81,81,17,25,123,780
2020-02-24,ITA,14,Molise,41.55774754,14.65916051,0,0,0,0,0,0,0,0,0,0,0,,
2020-02-25,ITA,14,Molise,41.55774754,14.65916051,0,0,0,0,0,0,0,0,0,0,0
2020-02-26,ITA,14,Molise,41.55774754,14.65916051,0,0,0,0,0,0,0,0,0,0,0
2020-02-27,ITA,14,Molise,41.55774754,14.65916051,0,0,0,0,0,0,0,0,0,0,0
2020-02-28,ITA,14,Molise,41.55774754,14.65916051,0,0,0,0,0,0,0,0,0,0,0
2020-02-29,ITA,14,Molise,41.55774754,14.65916051,0,0,0,0,0,0,0,0,0,0,0
2020-03-01,ITA,14,Molise,41.55774754,14.65916051,0,0,0,0,0,0,0,0,0,0,6
2020-03-02,ITA,14,Molise,41.55774754,14.65916051,0,0,0,0,0,0,0,0,0,0,7
2020-03-03,ITA,14,Molise,41.55774754,14.65916051,3,0,3,0,3,3,3,0,0,3,0
2020-03-04,ITA,14,Molise,41.55774754,14.65916051,0,0,0,0,0,0,0,0,0,0,6
2020-03-05,ITA,14,Molise,41.55774754,14.65916051,1,0,1,3,4,4,4,0,0,4,5
2020-03-06,ITA,14,Molise,41.55774754,14.65916051,-1,2,1,4,5,5,5,0,0,5,80
2020-03-07,ITA,14,Molise,41.55774754,14.65916051,0,0,0,2,2,2,2,0,0,2,8
2020-03-08,ITA,14,Molise,41.55774754,14.65916051,1,0,1,-1,0,0,0,0,0,0,4
2020-03-09,ITA,14,Molise,41.55774754,14.65916051,0,0,0,0,0,0,0,0,0,0,96
2020-03-10,ITA,14,Molise,41.55774754,14.65916051,-1,1,0,1,1,1,1,0,0,1,13
2020-03-11,ITA,14,Molise,41.55774754,14.65916051,1,0,1,0,1,1,1,0,0,1,8
2020-03-12,ITA,14,Molise,41.55774754,14.65916051,0,0,0,0,0,0,0,0,0,0,5
2020-03-13,ITA,14,Molise,41.55774754,14.65916051,1,0,1,0,1,1,1,0,0,1,5
2020-03-14,ITA,14,Molise,41.55774754,14.65916051,0,0,0,0,0,0,0,0,0,0,4
2020-03-15,ITA,14,Molise,41.55774754,14.65916051,-2,1,-1,1,0,0,0,0,0,0,1
2020-03-16,ITA,14,Molise,41.55774754,14.65916051,0,1,1,-3,-2,-2,-2,5,1,4,5
2020-03-17,ITA,14,Molise,41.55774754,14.65916051,4,0,4,0,4,4,4,0,0,4,48
2020-03-18,ITA,14,Molise,41.55774754,14.65916051,0,1,1,1,2,2,2,1,0,3,60
2020-03-19,ITA,14,Molise,41.55774754,14.65916051,12,0,12,5,17,17,17,0,1,18,65
2020-03-20,ITA,14,Molise,41.55774754,14.65916051,1,0,1,0,1,1,1,0,3,4,0
2020-03-21,ITA,14,Molise,41.55774754,14.65916051,1,0,1,7,8,8,8,1,2,11,23
2020-03-22,ITA,14,Molise,41.55774754,14.65916051,3,1,4,1,5,5,5,0,0,5,83
2020-03-23,ITA,14,Molise,41.55774754,14.65916051,1,0,1,-3,-2,-2,-2,3,0,1,0
2020-03-24,ITA,14,Molise,41.55774754,14.65916051,2,0,2,3,5,5,5,0,1,6,40
2020-03-25,ITA,14,Molise,41.55774754,14.65916051,-1,0,-1,-1,-2,-2,-2,2,0,0,8
2020-03-26,ITA,14,Molise,41.55774754,14.65916051,1,1,2,26,28,28,28,2,0,30,90
2020-03-27,ITA,14,Molise,41.55774754,14.65916051,-1,1,0,5,5,5,5,0,1,6,40
2020-03-28,ITA,14,Molise,41.55774754,14.65916051,0,0,0,12,12,12,12,2,0,14,97
2020-03-29,ITA,14,Molise,41.55774754,14.65916051,-1,0,-1,3,2,2,2,2,0,4,111
2020-03-30,ITA,14,Molise,41.55774754,14.65916051,2,-1,1,6,7,7,7,0,0,7,37
2020-03-31,ITA,14,Molise,41.55774754,14.65916051,2,0,2,8,10,10,10,0,0,10,94
2020-04-01,ITA,14,Molise,41.55774754,14.65916051,3,0,3,11,14,14,14,1,1,16,108
2020-04-02,ITA,14,Molise,41.55774754,14.65916051,-2,0,-2,4,2,2,2,2,1,5,72
2020-04-03,ITA,14,Molise,41.55774754,14.65916051,1,0,1,10,11,11,11,0,0,11,149
2020-04-04,ITA,14,Molise,41.55774754,14.65916051,0,-2,-2,29,27,27,27,3,0,30,126
2020-04-05,ITA,14,Molise,41.55774754,14.65916051,2,0,2,14,16,16,16,0,2,18,0
2020-02-24,ITA,04,P.A. Bolzano,46.49933453,11.35662422,0,0,0,0,0,0,0,0,0,0,1,,
2020-02-25,ITA,04,P.A. Bolzano,46.49933453,11.35662422,1,0,1,0,1,1,1,0,0,1,0
2020-02-26,ITA,04,P.A. Bolzano,46.49933453,11.35662422,0,0,0,0,0,0,0,0,0,0,0
2020-02-27,ITA,04,P.A. Bolzano,46.49933453,11.35662422,0,0,0,0,0,0,0,0,0,0,1
2020-02-28,ITA,04,P.A. Bolzano,46.49933453,11.35662422,0,0,0,0,0,0,0,0,0,0,0
2020-02-29,ITA,04,P.A. Bolzano,46.49933453,11.35662422,0,0,0,0,0,0,0,0,0,0,14
2020-03-01,ITA,04,P.A. Bolzano,46.49933453,11.35662422,0,0,0,0,0,0,0,0,0,0,4
2020-03-02,ITA,04,P.A. Bolzano,46.49933453,11.35662422,0,0,0,0,0,0,0,0,0,0,0
2020-03-03,ITA,04,P.A. Bolzano,46.49933453,11.35662422,0,0,0,0,0,0,0,0,0,0,0
2020-03-04,ITA,04,P.A. Bolzano,46.49933453,11.35662422,0,0,0,0,0,0,0,0,0,0,0
2020-03-05,ITA,04,P.A. Bolzano,46.49933453,11.35662422,0,0,0,0,0,0,0,0,0,0,0
2020-03-06,ITA,04,P.A. Bolzano,46.49933453,11.35662422,3,0,3,0,3,3,3,0,0,3,16
2020-03-07,ITA,04,P.A. Bolzano,46.49933453,11.35662422,4,0,4,1,5,5,5,0,0,5,0
2020-03-08,ITA,04,P.A. Bolzano,46.49933453,11.35662422,0,0,0,0,0,0,0,0,0,0,0
2020-03-09,ITA,04,P.A. Bolzano,46.49933453,11.35662422,0,0,0,0,0,0,0,0,0,0,0
2020-03-10,ITA,04,P.A. Bolzano,46.49933453,11.35662422,9,1,10,19,29,29,29,0,0,29,0
2020-03-11,ITA,04,P.A. Bolzano,46.49933453,11.35662422,-9,3,-6,43,37,37,37,0,0,37,39
2020-03-12,ITA,04,P.A. Bolzano,46.49933453,11.35662422,13,0,13,15,28,28,28,0,1,29,532
2020-03-13,ITA,04,P.A. Bolzano,46.49933453,11.35662422,-1,1,0,20,20,20,20,0,1,21,204
2020-03-14,ITA,04,P.A. Bolzano,46.49933453,11.35662422,6,2,8,39,47,47,47,0,1,48,324
2020-03-15,ITA,04,P.A. Bolzano,46.49933453,11.35662422,24,-3,21,8,29,29,29,0,2,31,362
2020-03-16,ITA,04,P.A. Bolzano,46.49933453,11.35662422,3,7,10,26,36,36,36,0,1,37,243
2020-03-17,ITA,04,P.A. Bolzano,46.49933453,11.35662422,18,0,18,29,47,47,47,1,2,50,409
2020-03-18,ITA,04,P.A. Bolzano,46.49933453,11.35662422,8,7,15,69,84,84,84,0,1,85,695
2020-03-19,ITA,04,P.A. Bolzano,46.49933453,11.35662422,8,0,8,47,55,55,55,0,5,60,724
2020-03-20,ITA,04,P.A. Bolzano,46.49933453,11.35662422,12,6,18,91,109,109,109,0,3,112,865
2020-03-21,ITA,04,P.A. Bolzano,46.49933453,11.35662422,28,6,34,36,70,70,70,0,3,73,746
2020-03-22,ITA,04,P.A. Bolzano,46.49933453,11.35662422,19,2,21,27,48,48,48,6,3,57,539
2020-03-23,ITA,04,P.A. Bolzano,46.49933453,11.35662422,-1,1,0,40,40,40,40,0,6,46,366
2020-03-24,ITA,04,P.A. Bolzano,46.49933453,11.35662422,21,5,26,-15,11,11,11,37,9,57,425
2020-03-25,ITA,04,P.A. Bolzano,46.49933453,11.35662422,24,2,26,23,49,49,49,23,5,77,140
2020-03-26,ITA,04,P.A. Bolzano,46.49933453,11.35662422,33,3,36,7,43,43,43,0,5,48,1095
2020-03-27,ITA,04,P.A. Bolzano,46.49933453,11.35662422,26,2,28,14,42,42,42,43,12,97,776
2020-03-28,ITA,04,P.A. Bolzano,46.49933453,11.35662422,-24,6,-18,114,96,96,96,6,4,106,648
2020-03-29,ITA,04,P.A. Bolzano,46.49933453,11.35662422,9,5,14,91,105,105,105,0,0,105,969
2020-03-30,ITA,04,P.A. Bolzano,46.49933453,11.35662422,-3,6,3,61,64,64,64,37,10,111,503
2020-03-31,ITA,04,P.A. Bolzano,46.49933453,11.35662422,18,0,18,26,44,44,44,0,2,46,635
2020-04-01,ITA,04,P.A. Bolzano,46.49933453,11.35662422,20,-5,15,-45,-30,-30,-30,37,40,47,676
2020-04-02,ITA,04,P.A. Bolzano,46.49933453,11.35662422,10,3,13,35,48,48,48,0,13,61,726
2020-04-03,ITA,04,P.A. Bolzano,46.49933453,11.35662422,12,0,12,37,49,49,49,21,10,80,1299
2020-04-04,ITA,04,P.A. Bolzano,46.49933453,11.35662422,0,1,1,-9,-8,-8,-8,34,7,33,1069
2020-04-05,ITA,04,P.A. Bolzano,46.49933453,11.35662422,-52,-8,-60,85,25,25,25,15,12,52,678
2020-02-24,ITA,04,P.A. Trento,46.06893511,11.12123097,0,0,0,0,0,0,0,0,0,0,3,,
2020-02-25,ITA,04,P.A. Trento,46.06893511,11.12123097,0,0,0,0,0,0,0,0,0,0,0
2020-02-26,ITA,04,P.A. Trento,46.06893511,11.12123097,0,0,0,0,0,0,0,0,0,0,0
2020-02-27,ITA,04,P.A. Trento,46.06893511,11.12123097,0,0,0,0,0,0,0,0,0,0,29
2020-02-28,ITA,04,P.A. Trento,46.06893511,11.12123097,0,0,0,0,0,0,0,0,0,0,0
2020-02-29,ITA,04,P.A. Trento,46.06893511,11.12123097,0,0,0,0,0,0,0,0,0,0,11
2020-03-01,ITA,04,P.A. Trento,46.06893511,11.12123097,0,0,0,0,0,0,0,0,0,0,79
2020-03-02,ITA,04,P.A. Trento,46.06893511,11.12123097,0,0,0,0,0,0,0,0,0,0,0
2020-03-03,ITA,04,P.A. Trento,46.06893511,11.12123097,1,0,1,3,4,4,4,0,0,4,0
2020-03-04,ITA,04,P.A. Trento,46.06893511,11.12123097,0,0,0,1,1,1,1,0,0,1,0
2020-03-05,ITA,04,P.A. Trento,46.06893511,11.12123097,1,0,1,1,2,2,2,0,0,2,0
2020-03-06,ITA,04,P.A. Trento,46.06893511,11.12123097,2,0,2,1,3,3,3,0,0,3,0
2020-03-07,ITA,04,P.A. Trento,46.06893511,11.12123097,2,1,3,1,4,4,4,0,0,4,72
2020-03-08,ITA,04,P.A. Trento,46.06893511,11.12123097,1,1,2,7,9,9,9,0,0,9,34
2020-03-09,ITA,04,P.A. Trento,46.06893511,11.12123097,3,0,3,7,10,10,10,0,0,10,39
2020-03-10,ITA,04,P.A. Trento,46.06893511,11.12123097,9,1,10,7,17,17,17,2,0,19,132
2020-03-11,ITA,04,P.A. Trento,46.06893511,11.12123097,9,1,10,14,24,24,24,1,0,25,128
2020-03-12,ITA,04,P.A. Trento,46.06893511,11.12123097,15,1,16,12,28,28,28,1,1,30,66
2020-03-13,ITA,04,P.A. Trento,46.06893511,11.12123097,15,1,16,39,55,55,55,0,1,56,253
2020-03-14,ITA,04,P.A. Trento,46.06893511,11.12123097,10,6,16,26,42,42,42,1,0,43,160
2020-03-15,ITA,04,P.A. Trento,46.06893511,11.12123097,5,7,12,156,168,168,168,0,4,172,0
2020-03-16,ITA,04,P.A. Trento,46.06893511,11.12123097,0,0,0,0,0,0,0,0,0,0,0
2020-03-17,ITA,04,P.A. Trento,46.06893511,11.12123097,34,3,37,-36,1,1,1,5,1,7,721
2020-03-18,ITA,04,P.A. Trento,46.06893511,11.12123097,34,0,34,34,68,68,68,2,0,70,460
2020-03-19,ITA,04,P.A. Trento,46.06893511,11.12123097,28,8,36,19,55,55,55,8,5,68,16
2020-03-20,ITA,04,P.A. Trento,46.06893511,11.12123097,29,4,33,76,109,109,109,9,1,119,453
2020-03-21,ITA,04,P.A. Trento,46.06893511,11.12123097,35,5,40,80,120,120,120,5,15,140,0
2020-03-22,ITA,04,P.A. Trento,46.06893511,11.12123097,2,7,9,156,165,165,165,0,7,172,394
2020-03-23,ITA,04,P.A. Trento,46.06893511,11.12123097,14,0,14,15,29,29,29,34,6,69,100
2020-03-24,ITA,04,P.A. Trento,46.06893511,11.12123097,59,3,62,-1,61,61,61,11,15,87,562
2020-03-25,ITA,04,P.A. Trento,46.06893511,11.12123097,0,16,16,67,83,83,83,11,18,112,402
2020-03-26,ITA,04,P.A. Trento,46.06893511,11.12123097,-8,1,-7,43,36,36,36,27,12,75,486
2020-03-27,ITA,04,P.A. Trento,46.06893511,11.12123097,41,0,41,29,70,70,70,8,16,94,323
2020-03-28,ITA,04,P.A. Trento,46.06893511,11.12123097,10,6,16,54,70,70,70,26,18,114,638
2020-03-29,ITA,04,P.A. Trento,46.06893511,11.12123097,5,3,8,51,59,59,59,21,9,89,389
2020-03-30,ITA,04,P.A. Trento,46.06893511,11.12123097,-3,3,0,64,64,64,64,6,18,88,427
2020-03-31,ITA,04,P.A. Trento,46.06893511,11.12123097,1,2,3,29,32,32,32,15,17,64,596
2020-04-01,ITA,04,P.A. Trento,46.06893511,11.12123097,-9,-4,-13,107,94,94,94,21,9,124,702
2020-04-02,ITA,04,P.A. Trento,46.06893511,11.12123097,-6,2,-4,108,104,104,104,15,14,133,821
2020-04-03,ITA,04,P.A. Trento,46.06893511,11.12123097,4,2,6,66,72,72,72,17,17,106,497
2020-04-04,ITA,04,P.A. Trento,46.06893511,11.12123097,10,1,11,83,94,94,94,11,6,111,870
2020-04-05,ITA,04,P.A. Trento,46.06893511,11.12123097,-1,-1,-2,44,42,42,42,16,7,65,613
2020-02-24,ITA,01,Piemonte,45.0732745,7.680687483,2,0,2,1,3,0,3,0,0,3,141,,
2020-02-25,ITA,01,Piemonte,45.0732745,7.680687483,0,0,0,0,0,0,0,0,0,0,0
2020-02-26,ITA,01,Piemonte,45.0732745,7.680687483,0,0,0,0,0,0,0,0,0,0,15
2020-02-27,ITA,01,Piemonte,45.0732745,7.680687483,0,0,0,-1,-1,-1,-1,0,0,-1,0
2020-02-28,ITA,01,Piemonte,45.0732745,7.680687483,5,0,5,4,9,9,9,0,0,9,71
2020-02-29,ITA,01,Piemonte,45.0732745,7.680687483,0,0,0,0,0,0,0,0,0,0,81
2020-03-01,ITA,01,Piemonte,45.0732745,7.680687483,4,2,6,32,38,38,38,0,0,38,54
2020-03-02,ITA,01,Piemonte,45.0732745,7.680687483,1,0,1,1,2,2,2,0,0,2,72
2020-03-03,ITA,01,Piemonte,45.0732745,7.680687483,1,1,2,3,5,5,5,0,0,5,24
2020-03-04,ITA,01,Piemonte,45.0732745,7.680687483,13,10,23,3,26,26,26,0,0,26,85
2020-03-05,ITA,01,Piemonte,45.0732745,7.680687483,17,4,21,3,24,24,24,0,2,26,0
2020-03-06,ITA,01,Piemonte,45.0732745,7.680687483,14,13,27,6,33,33,33,0,2,35,250
2020-03-07,ITA,01,Piemonte,45.0732745,7.680687483,53,8,61,2,63,63,63,0,1,64,253
2020-03-08,ITA,01,Piemonte,45.0732745,7.680687483,135,7,142,11,153,153,153,0,0,153,590
2020-03-09,ITA,01,Piemonte,45.0732745,7.680687483,-23,5,-18,0,-18,-18,-18,0,8,-10,45
2020-03-10,ITA,01,Piemonte,45.0732745,7.680687483,84,16,100,-1,99,99,99,0,4,103,693
2020-03-11,ITA,01,Piemonte,45.0732745,7.680687483,13,9,22,22,44,44,44,0,4,48,57
2020-03-12,ITA,01,Piemonte,45.0732745,7.680687483,49,22,71,3,74,74,74,0,5,79,448
2020-03-13,ITA,01,Piemonte,45.0732745,7.680687483,188,38,226,14,240,240,240,0,20,260,226
2020-03-14,ITA,01,Piemonte,45.0732745,7.680687483,-18,15,-3,23,20,20,20,0,13,33,575
2020-03-15,ITA,01,Piemonte,45.0732745,7.680687483,188,21,209,7,216,216,216,0,22,238,695
2020-03-16,ITA,01,Piemonte,45.0732745,7.680687483,319,15,334,41,375,375,375,0,30,405,1213
2020-03-17,ITA,01,Piemonte,45.0732745,7.680687483,333,20,353,6,359,359,359,0,22,381,955
2020-03-18,ITA,01,Piemonte,45.0732745,7.680687483,402,21,423,0,423,423,423,0,21,444,973
2020-03-19,ITA,01,Piemonte,45.0732745,7.680687483,499,30,529,38,567,567,567,3,21,591,1337
2020-03-20,ITA,01,Piemonte,45.0732745,7.680687483,-738,23,-715,1205,490,490,490,5,34,529,1122
2020-03-21,ITA,01,Piemonte,45.0732745,7.680687483,435,21,456,-194,262,262,262,0,29,291,726
2020-03-22,ITA,01,Piemonte,45.0732745,7.680687483,142,7,149,472,621,621,621,2,45,668,2000
2020-03-23,ITA,01,Piemonte,45.0732745,7.680687483,76,35,111,291,402,402,402,7,32,441,859
2020-03-24,ITA,01,Piemonte,45.0732745,7.680687483,210,17,227,368,595,595,595,0,59,654,1909
2020-03-25,ITA,01,Piemonte,45.0732745,7.680687483,140,21,161,271,432,432,432,2,75,509,1186
2020-03-26,ITA,01,Piemonte,45.0732745,7.680687483,89,27,116,278,394,394,394,116,0,510,1399
2020-03-27,ITA,01,Piemonte,45.0732745,7.680687483,219,23,242,155,397,397,397,41,120,558,1651
2020-03-28,ITA,01,Piemonte,45.0732745,7.680687483,242,8,250,254,504,504,504,27,48,579,1806
2020-03-29,ITA,01,Piemonte,45.0732745,7.680687483,-109,4,-105,522,417,417,417,51,67,535,2547
2020-03-30,ITA,01,Piemonte,45.0732745,7.680687483,0,9,9,378,387,387,387,54,65,506,1420
2020-03-31,ITA,01,Piemonte,45.0732745,7.680687483,189,0,189,238,427,427,427,57,105,589,2180
2020-04-01,ITA,01,Piemonte,45.0732745,7.680687483,-28,1,-27,415,388,388,388,74,32,494,2402
2020-04-02,ITA,01,Piemonte,45.0732745,7.680687483,195,0,195,134,329,329,329,132,97,558,2040
2020-04-03,ITA,01,Piemonte,45.0732745,7.680687483,-41,-1,-42,373,331,331,331,152,60,543,2181
2020-04-04,ITA,01,Piemonte,45.0732745,7.680687483,141,-2,139,424,563,563,563,165,85,813,2900
2020-04-05,ITA,01,Piemonte,45.0732745,7.680687483,31,-6,25,459,484,484,484,129,40,653,1358
2020-02-24,ITA,16,Puglia,41.12559576,16.86736689,0,0,0,0,0,0,0,0,0,0,0,,
2020-02-25,ITA,16,Puglia,41.12559576,16.86736689,0,0,0,0,0,0,0,0,0,0,0
2020-02-26,ITA,16,Puglia,41.12559576,16.86736689,0,0,0,0,0,0,0,0,0,0,0
2020-02-27,ITA,16,Puglia,41.12559576,16.86736689,1,0,1,0,1,1,1,0,0,1,0
2020-02-28,ITA,16,Puglia,41.12559576,16.86736689,0,0,0,2,2,2,2,0,0,2,242
2020-02-29,ITA,16,Puglia,41.12559576,16.86736689,0,0,0,0,0,0,0,0,0,0,10
2020-03-01,ITA,16,Puglia,41.12559576,16.86736689,0,0,0,0,0,0,0,0,0,0,10
2020-03-02,ITA,16,Puglia,41.12559576,16.86736689,1,0,1,0,1,1,1,0,0,1,16
2020-03-03,ITA,16,Puglia,41.12559576,16.86736689,0,0,0,2,2,2,2,0,0,2,20
2020-03-04,ITA,16,Puglia,41.12559576,16.86736689,2,0,2,-1,1,1,1,1,1,3,24
2020-03-05,ITA,16,Puglia,41.12559576,16.86736689,1,1,2,3,5,5,5,0,0,5,37
2020-03-06,ITA,16,Puglia,41.12559576,16.86736689,0,0,0,3,3,3,3,0,0,3,36
2020-03-07,ITA,16,Puglia,41.12559576,16.86736689,4,1,5,3,8,8,8,0,1,9,0
2020-03-08,ITA,16,Puglia,41.12559576,16.86736689,8,1,9,4,13,13,13,0,1,14,232
2020-03-09,ITA,16,Puglia,41.12559576,16.86736689,3,3,6,4,10,10,10,0,0,10,58
2020-03-10,ITA,16,Puglia,41.12559576,16.86736689,8,0,8,1,9,9,9,0,0,9,62
2020-03-11,ITA,16,Puglia,41.12559576,16.86736689,10,-2,8,8,16,16,16,0,2,18,162
2020-03-12,ITA,16,Puglia,41.12559576,16.86736689,20,-2,18,9,27,27,27,0,0,27,360
2020-03-13,ITA,16,Puglia,41.12559576,16.86736689,19,0,19,4,23,23,23,2,0,25,180
2020-03-14,ITA,16,Puglia,41.12559576,16.86736689,14,4,18,17,35,35,35,-1,3,37,232
2020-03-15,ITA,16,Puglia,41.12559576,16.86736689,25,0,25,31,56,56,56,0,8,64,336
2020-03-16,ITA,16,Puglia,41.12559576,16.86736689,0,0,0,0,0,0,0,0,0,0,0
2020-03-17,ITA,16,Puglia,41.12559576,16.86736689,39,8,47,61,108,108,108,0,2,110,1060
2020-03-18,ITA,16,Puglia,41.12559576,16.86736689,1,16,17,25,42,42,42,0,1,43,356
2020-03-19,ITA,16,Puglia,41.12559576,16.86736689,17,1,18,69,87,87,87,2,6,95,613
2020-03-20,ITA,16,Puglia,41.12559576,16.86736689,18,0,18,84,102,102,102,0,1,103,743
2020-03-21,ITA,16,Puglia,41.12559576,16.86736689,18,2,20,71,91,91,91,0,3,94,828
2020-03-22,ITA,16,Puglia,41.12559576,16.86736689,43,4,47,59,106,106,106,3,2,111,543
2020-03-23,ITA,16,Puglia,41.12559576,16.86736689,33,8,41,73,114,114,114,0,6,120,601
2020-03-24,ITA,16,Puglia,41.12559576,16.86736689,32,12,44,34,78,78,78,14,7,99,584
2020-03-25,ITA,16,Puglia,41.12559576,16.86736689,32,7,39,44,83,83,83,1,4,88,878
2020-03-26,ITA,16,Puglia,41.12559576,16.86736689,131,12,143,-71,72,72,72,0,17,89,968
2020-03-27,ITA,16,Puglia,41.12559576,16.86736689,50,6,56,85,141,141,141,7,4,152,1042
2020-03-28,ITA,16,Puglia,41.12559576,16.86736689,33,16,49,73,122,122,122,0,2,124,1267
2020-03-29,ITA,16,Puglia,41.12559576,16.86736689,-4,1,-3,77,74,74,74,2,15,91,861
2020-03-30,ITA,16,Puglia,41.12559576,16.86736689,31,7,38,115,153,153,153,5,5,163,756
2020-03-31,ITA,16,Puglia,41.12559576,16.86736689,19,-1,18,51,69,69,69,3,19,91,956
2020-04-01,ITA,16,Puglia,41.12559576,16.86736689,28,2,30,72,102,102,102,22,19,143,1136
2020-04-02,ITA,16,Puglia,41.12559576,16.86736689,8,11,19,89,108,108,108,8,15,131,1345
2020-04-03,ITA,16,Puglia,41.12559576,16.86736689,3,5,8,77,85,85,85,0,20,105,1370
2020-04-04,ITA,16,Puglia,41.12559576,16.86736689,-21,30,9,15,24,24,24,25,9,58,1053
2020-04-05,ITA,16,Puglia,41.12559576,16.86736689,-53,6,-47,96,49,49,49,19,9,77,1103
2020-02-24,ITA,20,Sardegna,39.21531192,9.110616306,0,0,0,0,0,0,0,0,0,0,1,,
2020-02-25,ITA,20,Sardegna,39.21531192,9.110616306,0,0,0,0,0,0,0,0,0,0,0
2020-02-26,ITA,20,Sardegna,39.21531192,9.110616306,0,0,0,0,0,0,0,0,0,0,0
2020-02-27,ITA,20,Sardegna,39.21531192,9.110616306,0,0,0,0,0,0,0,0,0,0,0
2020-02-28,ITA,20,Sardegna,39.21531192,9.110616306,0,0,0,0,0,0,0,0,0,0,0
2020-02-29,ITA,20,Sardegna,39.21531192,9.110616306,0,0,0,0,0,0,0,0,0,0,0
2020-03-01,ITA,20,Sardegna,39.21531192,9.110616306,0,0,0,0,0,0,0,0,0,0,28
2020-03-02,ITA,20,Sardegna,39.21531192,9.110616306,0,0,0,0,0,0,0,0,0,0,0
2020-03-03,ITA,20,Sardegna,39.21531192,9.110616306,1,0,1,0,1,1,1,0,0,1,0
2020-03-04,ITA,20,Sardegna,39.21531192,9.110616306,0,0,0,1,1,1,1,0,0,1,13
2020-03-05,ITA,20,Sardegna,39.21531192,9.110616306,1,0,1,-1,0,0,0,0,0,0,8
2020-03-06,ITA,20,Sardegna,39.21531192,9.110616306,0,0,0,3,3,3,3,0,0,3,49
2020-03-07,ITA,20,Sardegna,39.21531192,9.110616306,0,0,0,0,0,0,0,0,0,0,0
2020-03-08,ITA,20,Sardegna,39.21531192,9.110616306,3,0,3,3,6,6,6,0,0,6,50
2020-03-09,ITA,20,Sardegna,39.21531192,9.110616306,3,0,3,5,8,8,8,0,0,8,36
2020-03-10,ITA,20,Sardegna,39.21531192,9.110616306,1,0,1,0,1,1,1,0,0,1,19
2020-03-11,ITA,20,Sardegna,39.21531192,9.110616306,1,0,1,16,17,17,17,0,0,17,79
2020-03-12,ITA,20,Sardegna,39.21531192,9.110616306,2,0,2,0,2,2,2,0,0,2,19
2020-03-13,ITA,20,Sardegna,39.21531192,9.110616306,0,0,0,4,4,4,4,0,0,4,202
2020-03-14,ITA,20,Sardegna,39.21531192,9.110616306,2,0,2,2,4,4,4,0,0,4,26
2020-03-15,ITA,20,Sardegna,39.21531192,9.110616306,2,0,2,26,28,28,28,0,2,30,83
2020-03-16,ITA,20,Sardegna,39.21531192,9.110616306,23,0,23,7,30,30,30,0,0,30,184
2020-03-17,ITA,20,Sardegna,39.21531192,9.110616306,-3,4,1,9,10,10,10,0,0,10,206
2020-03-18,ITA,20,Sardegna,39.21531192,9.110616306,6,3,9,8,17,17,17,0,0,17,132
2020-03-19,ITA,20,Sardegna,39.21531192,9.110616306,1,2,3,69,72,72,72,0,0,72,199
2020-03-20,ITA,20,Sardegna,39.21531192,9.110616306,13,6,19,65,84,84,84,3,0,87,578
2020-03-21,ITA,20,Sardegna,39.21531192,9.110616306,9,1,10,23,33,33,33,2,2,37,385
2020-03-22,ITA,20,Sardegna,39.21531192,9.110616306,2,0,2,4,6,6,6,0,3,9,105
2020-03-23,ITA,20,Sardegna,39.21531192,9.110616306,9,2,11,5,16,16,16,0,4,20,166
2020-03-24,ITA,20,Sardegna,39.21531192,9.110616306,4,1,5,47,52,52,52,6,4,62,291
2020-03-25,ITA,20,Sardegna,39.21531192,9.110616306,2,0,2,15,17,17,17,1,3,21,160
2020-03-26,ITA,20,Sardegna,39.21531192,9.110616306,10,1,11,39,50,50,50,1,1,52,442
2020-03-27,ITA,20,Sardegna,39.21531192,9.110616306,1,-1,0,34,34,34,34,0,2,36,340
2020-03-28,ITA,20,Sardegna,39.21531192,9.110616306,2,3,5,68,73,73,73,16,5,94,424
2020-03-29,ITA,20,Sardegna,39.21531192,9.110616306,10,1,11,2,13,13,13,0,1,14,373
2020-03-30,ITA,20,Sardegna,39.21531192,9.110616306,8,1,9,31,40,40,40,3,1,44,395
2020-03-31,ITA,20,Sardegna,39.21531192,9.110616306,0,4,4,31,35,35,35,2,3,40,264
2020-04-01,ITA,20,Sardegna,39.21531192,9.110616306,6,-1,5,13,18,18,18,2,3,23,244
2020-04-02,ITA,20,Sardegna,39.21531192,9.110616306,-2,-3,-5,48,43,43,43,0,6,49,469
2020-04-03,ITA,20,Sardegna,39.21531192,9.110616306,5,0,5,21,26,26,26,4,1,31,508
2020-04-04,ITA,20,Sardegna,39.21531192,9.110616306,1,0,1,44,45,45,45,4,0,49,311
2020-04-05,ITA,20,Sardegna,39.21531192,9.110616306,3,1,4,22,26,26,26,5,2,33,368
2020-02-24,ITA,19,Sicilia,38.11569725,13.3623567,0,0,0,0,0,0,0,0,0,0,5,,
2020-02-25,ITA,19,Sicilia,38.11569725,13.3623567,1,0,1,2,3,3,3,0,0,3,0
2020-02-26,ITA,19,Sicilia,38.11569725,13.3623567,0,0,0,0,0,0,0,0,0,0,0
2020-02-27,ITA,19,Sicilia,38.11569725,13.3623567,0,0,0,-1,-1,-1,-1,2,0,1,0
2020-02-28,ITA,19,Sicilia,38.11569725,13.3623567,0,0,0,0,0,0,0,0,0,0,0
2020-02-29,ITA,19,Sicilia,38.11569725,13.3623567,0,0,0,0,0,0,0,0,0,0,1
2020-03-01,ITA,19,Sicilia,38.11569725,13.3623567,0,0,0,5,5,5,5,0,0,5,285
2020-03-02,ITA,19,Sicilia,38.11569725,13.3623567,1,0,1,-3,-2,-2,-2,0,0,-2,16
2020-03-03,ITA,19,Sicilia,38.11569725,13.3623567,0,0,0,0,0,0,0,0,0,0,0
2020-03-04,ITA,19,Sicilia,38.11569725,13.3623567,3,0,3,8,11,11,11,0,0,11,60
2020-03-05,ITA,19,Sicilia,38.11569725,13.3623567,0,0,0,0,0,0,0,0,0,0,0
2020-03-06,ITA,19,Sicilia,38.11569725,13.3623567,2,0,2,4,6,6,6,0,0,6,0
2020-03-07,ITA,19,Sicilia,38.11569725,13.3623567,1,0,1,10,11,11,11,0,0,11,276
2020-03-08,ITA,19,Sicilia,38.11569725,13.3623567,10,0,10,8,18,18,18,0,0,18,148
2020-03-09,ITA,19,Sicilia,38.11569725,13.3623567,1,0,1,0,1,1,1,0,0,1,45
2020-03-10,ITA,19,Sicilia,38.11569725,13.3623567,-2,2,0,8,8,8,8,0,0,8,119
2020-03-11,ITA,19,Sicilia,38.11569725,13.3623567,6,-1,5,16,21,21,21,0,0,21,239
2020-03-12,ITA,19,Sicilia,38.11569725,13.3623567,5,4,9,21,30,30,30,0,2,32,283
2020-03-13,ITA,19,Sicilia,38.11569725,13.3623567,9,2,11,4,15,15,15,0,0,15,473
2020-03-14,ITA,19,Sicilia,38.11569725,13.3623567,5,4,9,15,24,24,24,2,0,26,150
2020-03-15,ITA,19,Sicilia,38.11569725,13.3623567,14,4,18,11,29,29,29,3,0,32,352
2020-03-16,ITA,19,Sicilia,38.11569725,13.3623567,19,5,24,0,24,24,24,1,0,25,201
2020-03-17,ITA,19,Sicilia,38.11569725,13.3623567,11,8,19,4,23,23,23,0,1,24,263
2020-03-18,ITA,19,Sicilia,38.11569725,13.3623567,14,1,15,26,41,41,41,4,0,45,378
2020-03-19,ITA,19,Sicilia,38.11569725,13.3623567,43,7,50,4,54,54,54,3,1,58,667
2020-03-20,ITA,19,Sicilia,38.11569725,13.3623567,25,6,31,27,58,58,58,10,0,68,507
2020-03-21,ITA,19,Sicilia,38.11569725,13.3623567,38,6,44,35,79,79,79,1,2,82,415
2020-03-22,ITA,19,Sicilia,38.11569725,13.3623567,14,7,21,117,138,138,138,0,2,140,697
2020-03-23,ITA,19,Sicilia,38.11569725,13.3623567,30,5,35,50,85,85,85,1,5,91,795
2020-03-24,ITA,19,Sicilia,38.11569725,13.3623567,0,0,0,118,118,118,118,0,7,125,795
2020-03-25,ITA,19,Sicilia,38.11569725,13.3623567,9,20,29,108,137,137,137,6,5,148,1142
2020-03-26,ITA,19,Sicilia,38.11569725,13.3623567,87,-12,75,84,159,159,159,3,8,170,1346
2020-03-27,ITA,19,Sicilia,38.11569725,13.3623567,79,7,86,-23,63,63,63,17,6,86,1421
2020-03-28,ITA,19,Sicilia,38.11569725,13.3623567,16,-4,12,72,84,84,84,7,18,109,2017
2020-03-29,ITA,19,Sicilia,38.11569725,13.3623567,10,0,10,78,88,88,88,5,8,101,718
2020-03-30,ITA,19,Sicilia,38.11569725,13.3623567,33,4,37,41,78,78,78,6,11,95,944
2020-03-31,ITA,19,Sicilia,38.11569725,13.3623567,19,-3,16,68,84,84,84,3,5,92,876
2020-04-01,ITA,19,Sicilia,38.11569725,13.3623567,-7,0,-7,59,52,52,52,12,7,71,1202
2020-04-02,ITA,19,Sicilia,38.11569725,13.3623567,7,1,8,54,62,62,62,6,5,73,997
2020-04-03,ITA,19,Sicilia,38.11569725,13.3623567,32,0,32,26,58,58,58,2,8,68,853
2020-04-04,ITA,19,Sicilia,38.11569725,13.3623567,18,1,19,43,62,62,62,1,10,73,1210
2020-04-05,ITA,19,Sicilia,38.11569725,13.3623567,3,2,5,43,48,48,48,9,5,62,2008
2020-02-24,ITA,09,Toscana,43.76923077,11.25588885,0,0,0,0,0,0,0,0,0,0,140,,
2020-02-25,ITA,09,Toscana,43.76923077,11.25588885,2,0,2,0,2,2,2,0,0,2,156
2020-02-26,ITA,09,Toscana,43.76923077,11.25588885,0,0,0,0,0,0,0,0,0,0,67
2020-02-27,ITA,09,Toscana,43.76923077,11.25588885,0,0,0,0,0,0,0,0,0,0,47
2020-02-28,ITA,09,Toscana,43.76923077,11.25588885,3,0,3,2,5,5,5,1,0,6,27
2020-02-29,ITA,09,Toscana,43.76923077,11.25588885,2,0,2,1,3,3,3,0,0,3,94
2020-03-01,ITA,09,Toscana,43.76923077,11.25588885,0,0,0,2,2,2,2,0,0,2,41
2020-03-02,ITA,09,Toscana,43.76923077,11.25588885,0,0,0,0,0,0,0,0,0,0,41
2020-03-03,ITA,09,Toscana,43.76923077,11.25588885,3,0,3,3,6,6,6,0,0,6,84
2020-03-04,ITA,09,Toscana,43.76923077,11.25588885,5,2,7,12,19,19,19,0,0,19,79
2020-03-05,ITA,09,Toscana,43.76923077,11.25588885,11,1,12,11,23,23,23,0,0,23,0
2020-03-06,ITA,09,Toscana,43.76923077,11.25588885,9,2,11,7,18,18,18,0,0,18,321
2020-03-07,ITA,09,Toscana,43.76923077,11.25588885,19,2,21,13,34,34,34,0,0,34,234
2020-03-08,ITA,09,Toscana,43.76923077,11.25588885,37,0,37,16,53,53,53,0,0,53,287
2020-03-09,ITA,09,Toscana,43.76923077,11.25588885,16,2,18,23,41,41,41,0,1,42,400
2020-03-10,ITA,09,Toscana,43.76923077,11.25588885,-16,31,15,39,54,54,54,2,0,56,555
2020-03-11,ITA,09,Toscana,43.76923077,11.25588885,-4,14,10,44,54,54,54,2,0,56,231
2020-03-12,ITA,09,Toscana,43.76923077,11.25588885,13,5,18,20,38,38,38,2,4,44,361
2020-03-13,ITA,09,Toscana,43.76923077,11.25588885,34,18,52,51,103,103,103,3,0,106,884
2020-03-14,ITA,09,Toscana,43.76923077,11.25588885,26,10,36,123,159,159,159,0,1,160,546
2020-03-15,ITA,09,Toscana,43.76923077,11.25588885,15,20,35,114,149,149,149,0,2,151,537
2020-03-16,ITA,09,Toscana,43.76923077,11.25588885,0,0,0,78,78,78,78,1,6,85,778
2020-03-17,ITA,09,Toscana,43.76923077,11.25588885,154,36,190,-7,183,183,183,1,3,187,817
2020-03-18,ITA,09,Toscana,43.76923077,11.25588885,98,17,115,152,267,267,267,5,5,277,879
2020-03-19,ITA,09,Toscana,43.76923077,11.25588885,74,18,92,39,131,131,131,5,16,152,1267
2020-03-20,ITA,09,Toscana,43.76923077,11.25588885,100,11,111,180,291,291,291,11,9,311,1532
2020-03-21,ITA,09,Toscana,43.76923077,11.25588885,63,13,76,116,192,192,192,2,25,219,1504
2020-03-22,ITA,09,Toscana,43.76923077,11.25588885,42,13,55,184,239,239,239,7,19,265,1355
2020-03-23,ITA,09,Toscana,43.76923077,11.25588885,132,23,155,2,157,157,157,9,18,184,587
2020-03-24,ITA,09,Toscana,43.76923077,11.25588885,80,6,86,132,218,218,218,0,20,238,1850
2020-03-25,ITA,09,Toscana,43.76923077,11.25588885,81,7,88,169,257,257,257,3,13,273,2167
2020-03-26,ITA,09,Toscana,43.76923077,11.25588885,38,8,46,151,197,197,197,41,16,254,3084
2020-03-27,ITA,09,Toscana,43.76923077,11.25588885,16,15,31,166,197,197,197,8,19,224,2794
2020-03-28,ITA,09,Toscana,43.76923077,11.25588885,40,3,43,298,341,341,341,5,21,367,1867
2020-03-29,ITA,09,Toscana,43.76923077,11.25588885,18,-2,16,259,275,275,275,13,17,305,1966
2020-03-30,ITA,09,Toscana,43.76923077,11.25588885,5,4,9,255,264,264,264,10,16,290,2520
2020-03-31,ITA,09,Toscana,43.76923077,11.25588885,4,14,18,158,176,176,176,7,13,196,3066
2020-04-01,ITA,09,Toscana,43.76923077,11.25588885,0,4,4,202,206,206,206,44,9,259,3410
2020-04-02,ITA,09,Toscana,43.76923077,11.25588885,15,-2,13,344,357,357,357,34,15,406,4149
2020-04-03,ITA,09,Toscana,43.76923077,11.25588885,14,-7,7,113,120,120,120,84,22,226,3736
2020-04-04,ITA,09,Toscana,43.76923077,11.25588885,-20,-2,-22,167,145,145,145,10,17,172,3426
2020-04-05,ITA,09,Toscana,43.76923077,11.25588885,-18,-10,-28,159,131,131,131,27,18,176,3120
2020-02-24,ITA,10,Umbria,43.10675841,12.38824698,0,0,0,0,0,0,0,0,0,0,0,,
2020-02-25,ITA,10,Umbria,43.10675841,12.38824698,0,0,0,0,0,0,0,0,0,0,8
2020-02-26,ITA,10,Umbria,43.10675841,12.38824698,0,0,0,0,0,0,0,0,0,0,0
2020-02-27,ITA,10,Umbria,43.10675841,12.38824698,0,0,0,0,0,0,0,0,0,0,0
2020-02-28,ITA,10,Umbria,43.10675841,12.38824698,0,0,0,0,0,0,0,0,0,0,0
2020-02-29,ITA,10,Umbria,43.10675841,12.38824698,0,0,0,0,0,0,0,0,0,0,23
2020-03-01,ITA,10,Umbria,43.10675841,12.38824698,0,0,0,2,2,2,2,0,0,2,4
2020-03-02,ITA,10,Umbria,43.10675841,12.38824698,0,0,0,0,0,0,0,0,0,0,0
2020-03-03,ITA,10,Umbria,43.10675841,12.38824698,1,1,2,4,6,6,6,0,0,6,10
2020-03-04,ITA,10,Umbria,43.10675841,12.38824698,0,0,0,1,1,1,1,0,0,1,13
2020-03-05,ITA,10,Umbria,43.10675841,12.38824698,0,0,0,0,0,0,0,0,0,0,30
2020-03-06,ITA,10,Umbria,43.10675841,12.38824698,1,1,2,5,7,7,7,0,0,7,22
2020-03-07,ITA,10,Umbria,43.10675841,12.38824698,0,0,0,8,8,8,8,0,0,8,24
2020-03-08,ITA,10,Umbria,43.10675841,12.38824698,0,0,0,2,2,2,2,0,0,2,34
2020-03-09,ITA,10,Umbria,43.10675841,12.38824698,2,0,2,0,2,2,2,0,0,2,15
2020-03-10,ITA,10,Umbria,43.10675841,12.38824698,4,0,4,5,9,9,9,0,0,9,77
2020-03-11,ITA,10,Umbria,43.10675841,12.38824698,-1,3,2,5,7,7,7,2,0,9,80
2020-03-12,ITA,10,Umbria,43.10675841,12.38824698,1,3,4,14,18,18,18,0,0,18,118
2020-03-13,ITA,10,Umbria,43.10675841,12.38824698,3,2,5,6,11,11,11,0,1,12,118
2020-03-14,ITA,10,Umbria,43.10675841,12.38824698,10,1,11,19,30,30,30,1,0,31,172
2020-03-15,ITA,10,Umbria,43.10675841,12.38824698,4,2,6,30,36,36,36,0,0,36,217
2020-03-16,ITA,10,Umbria,43.10675841,12.38824698,5,2,7,13,20,20,20,1,0,21,128
2020-03-17,ITA,10,Umbria,43.10675841,12.38824698,6,6,12,21,33,33,33,0,0,33,230
2020-03-18,ITA,10,Umbria,43.10675841,12.38824698,18,0,18,31,49,49,49,0,1,50,278
2020-03-19,ITA,10,Umbria,43.10675841,12.38824698,15,0,15,72,87,87,87,0,0,87,353
2020-03-20,ITA,10,Umbria,43.10675841,12.38824698,6,3,9,47,56,56,56,0,5,61,349
2020-03-21,ITA,10,Umbria,43.10675841,12.38824698,17,5,22,41,63,63,63,1,3,67,409
2020-03-22,ITA,10,Umbria,43.10675841,12.38824698,5,6,11,42,53,53,53,0,6,59,423
2020-03-23,ITA,10,Umbria,43.10675841,12.38824698,9,7,16,40,56,56,56,0,0,56,426
2020-03-24,ITA,10,Umbria,43.10675841,12.38824698,-1,1,0,68,68,68,68,0,3,71,547
2020-03-25,ITA,10,Umbria,43.10675841,12.38824698,18,1,19,43,62,62,62,0,0,62,599
2020-03-26,ITA,10,Umbria,43.10675841,12.38824698,21,2,23,61,84,84,84,7,1,92,721
2020-03-27,ITA,10,Umbria,43.10675841,12.38824698,5,0,5,49,54,54,54,27,1,82,709
2020-03-28,ITA,10,Umbria,43.10675841,12.38824698,10,-2,8,66,74,74,74,4,7,85,891
2020-03-29,ITA,10,Umbria,43.10675841,12.38824698,7,2,9,-10,-1,-1,-1,52,3,54,657
2020-03-30,ITA,10,Umbria,43.10675841,12.38824698,7,1,8,-71,-63,-63,-63,89,2,28,465
2020-03-31,ITA,10,Umbria,43.10675841,12.38824698,3,-4,-1,18,17,17,17,6,4,27,535
2020-04-01,ITA,10,Umbria,43.10675841,12.38824698,-3,2,-1,14,13,13,13,4,0,17,395
2020-04-02,ITA,10,Umbria,43.10675841,12.38824698,-2,2,0,21,21,21,21,11,1,33,657
2020-04-03,ITA,10,Umbria,43.10675841,12.38824698,-6,1,-5,40,35,35,35,15,1,51,877
2020-04-04,ITA,10,Umbria,43.10675841,12.38824698,2,-4,-2,9,7,7,7,22,2,31,1195
2020-04-05,ITA,10,Umbria,43.10675841,12.38824698,-8,1,-7,-22,-29,-29,-29,56,2,29,639
2020-02-24,ITA,02,Valle d'Aosta,45.73750286,7.320149366,0,0,0,0,0,0,0,0,0,0,7,,
2020-02-25,ITA,02,Valle d'Aosta,45.73750286,7.320149366,0,0,0,0,0,0,0,0,0,0,0
2020-02-26,ITA,02,Valle d'Aosta,45.73750286,7.320149366,0,0,0,0,0,0,0,0,0,0,0
2020-02-27,ITA,02,Valle d'Aosta,45.73750286,7.320149366,0,0,0,0,0,0,0,0,0,0,2
2020-02-28,ITA,02,Valle d'Aosta,45.73750286,7.320149366,0,0,0,0,0,0,0,0,0,0,0
2020-02-29,ITA,02,Valle d'Aosta,45.73750286,7.320149366,0,0,0,0,0,0,0,0,0,0,0
2020-03-01,ITA,02,Valle d'Aosta,45.73750286,7.320149366,0,0,0,0,0,0,0,0,0,0,1
2020-03-02,ITA,02,Valle d'Aosta,45.73750286,7.320149366,0,0,0,0,0,0,0,0,0,0,1
2020-03-03,ITA,02,Valle d'Aosta,45.73750286,7.320149366,0,0,0,0,0,0,0,0,0,0,1
2020-03-04,ITA,02,Valle d'Aosta,45.73750286,7.320149366,0,0,0,0,0,0,0,0,0,0,3
2020-03-05,ITA,02,Valle d'Aosta,45.73750286,7.320149366,0,0,0,2,2,2,2,0,0,2,6
2020-03-06,ITA,02,Valle d'Aosta,45.73750286,7.320149366,0,0,0,5,5,5,5,0,0,5,7
2020-03-07,ITA,02,Valle d'Aosta,45.73750286,7.320149366,1,0,1,0,1,1,1,0,0,1,4
2020-03-08,ITA,02,Valle d'Aosta,45.73750286,7.320149366,0,0,0,1,1,1,1,0,0,1,9
2020-03-09,ITA,02,Valle d'Aosta,45.73750286,7.320149366,3,0,3,3,6,6,6,0,0,6,26
2020-03-10,ITA,02,Valle d'Aosta,45.73750286,7.320149366,-2,0,-2,4,2,2,2,0,0,2,22
2020-03-11,ITA,02,Valle d'Aosta,45.73750286,7.320149366,0,0,0,2,2,2,2,0,1,3,10
2020-03-12,ITA,02,Valle d'Aosta,45.73750286,7.320149366,5,0,5,2,7,7,7,0,0,7,19
2020-03-13,ITA,02,Valle d'Aosta,45.73750286,7.320149366,-1,0,-1,2,1,1,1,0,0,1,71
2020-03-14,ITA,02,Valle d'Aosta,45.73750286,7.320149366,6,0,6,8,14,14,14,0,0,14,42
2020-03-15,ITA,02,Valle d'Aosta,45.73750286,7.320149366,-2,3,1,14,15,15,15,0,0,15,-1
2020-03-16,ITA,02,Valle d'Aosta,45.73750286,7.320149366,18,2,20,27,47,47,47,0,1,48,57
2020-03-17,ITA,02,Valle d'Aosta,45.73750286,7.320149366,7,1,8,23,31,31,31,0,0,31,111
2020-03-18,ITA,02,Valle d'Aosta,45.73750286,7.320149366,6,-3,3,25,28,28,28,0,1,29,88
2020-03-19,ITA,02,Valle d'Aosta,45.73750286,7.320149366,6,6,12,35,47,47,47,0,3,50,122
2020-03-20,ITA,02,Valle d'Aosta,45.73750286,7.320149366,7,0,7,41,48,48,48,0,1,49,206
2020-03-21,ITA,02,Valle d'Aosta,45.73750286,7.320149366,8,6,14,33,47,47,47,1,1,49,70
2020-03-22,ITA,02,Valle d'Aosta,45.73750286,7.320149366,1,6,7,43,50,50,50,0,1,51,66
2020-03-23,ITA,02,Valle d'Aosta,45.73750286,7.320149366,6,-1,5,20,25,25,25,1,3,29,148
2020-03-24,ITA,02,Valle d'Aosta,45.73750286,7.320149366,2,0,2,-2,0,0,0,0,7,7,82
2020-03-25,ITA,02,Valle d'Aosta,45.73750286,7.320149366,-1,5,4,-8,-4,-4,-4,0,5,1,20
2020-03-26,ITA,02,Valle d'Aosta,45.73750286,7.320149366,3,-1,2,1,3,3,3,0,4,7,3
2020-03-27,ITA,02,Valle d'Aosta,45.73750286,7.320149366,18,0,18,17,35,35,35,0,9,44,49
2020-03-28,ITA,02,Valle d'Aosta,45.73750286,7.320149366,-1,2,1,54,55,55,55,0,4,59,128
2020-03-29,ITA,02,Valle d'Aosta,45.73750286,7.320149366,0,0,0,71,71,71,71,0,2,73,100
2020-03-30,ITA,02,Valle d'Aosta,45.73750286,7.320149366,2,0,2,-23,-21,-21,-21,14,7,0,56
2020-03-31,ITA,02,Valle d'Aosta,45.73750286,7.320149366,-1,0,-1,35,34,34,34,4,6,44,46
2020-04-01,ITA,02,Valle d'Aosta,45.73750286,7.320149366,-6,1,-5,-7,-12,-12,-12,12,3,3,135
2020-04-02,ITA,02,Valle d'Aosta,45.73750286,7.320149366,0,-2,-2,18,16,16,16,17,4,37,217
2020-04-03,ITA,02,Valle d'Aosta,45.73750286,7.320149366,0,0,0,4,4,4,4,40,7,51,172
2020-04-04,ITA,02,Valle d'Aosta,45.73750286,7.320149366,-22,-2,-24,24,0,0,0,17,12,29,168
2020-04-05,ITA,02,Valle d'Aosta,45.73750286,7.320149366,33,0,33,-17,16,16,16,9,9,34,116
2020-02-24,ITA,05,Veneto,45.43490485,12.33845213,12,4,16,16,32,0,32,0,1,33,2200,,
2020-02-25,ITA,05,Veneto,45.43490485,12.33845213,0,3,3,7,10,10,10,0,0,10,1580
2020-02-26,ITA,05,Veneto,45.43490485,12.33845213,4,1,5,22,27,27,27,0,1,28,1120
2020-02-27,ITA,05,Veneto,45.43490485,12.33845213,3,0,3,37,40,40,40,0,0,40,1264
2020-02-28,ITA,05,Veneto,45.43490485,12.33845213,5,1,6,34,40,40,40,0,0,40,1250
2020-02-29,ITA,05,Veneto,45.43490485,12.33845213,0,2,2,38,40,40,40,0,0,40,1245
2020-03-01,ITA,05,Veneto,45.43490485,12.33845213,27,2,29,43,72,72,72,0,0,72,397
2020-03-02,ITA,05,Veneto,45.43490485,12.33845213,2,1,3,7,10,10,10,0,0,10,726
2020-03-03,ITA,05,Veneto,45.43490485,12.33845213,-4,5,1,25,26,26,26,7,1,34,394
2020-03-04,ITA,05,Veneto,45.43490485,12.33845213,27,4,31,17,48,48,48,2,3,53,339
2020-03-05,ITA,05,Veneto,45.43490485,12.33845213,16,1,17,18,35,35,35,8,4,47,1434
2020-03-06,ITA,05,Veneto,45.43490485,12.33845213,25,3,28,46,74,74,74,5,2,81,1074
2020-03-07,ITA,05,Veneto,45.43490485,12.33845213,6,14,20,31,51,51,51,3,1,55,1406
2020-03-08,ITA,05,Veneto,45.43490485,12.33845213,23,6,29,89,118,118,118,4,5,127,1489
2020-03-09,ITA,05,Veneto,45.43490485,12.33845213,40,4,44,27,71,71,71,1,2,74,38
2020-03-10,ITA,05,Veneto,45.43490485,12.33845213,18,16,34,55,89,89,89,17,6,112,687
2020-03-11,ITA,05,Veneto,45.43490485,12.33845213,58,1,59,98,157,157,157,7,3,167,4757
2020-03-12,ITA,05,Veneto,45.43490485,12.33845213,98,17,115,242,357,357,357,1,3,361,2038
2020-03-13,ITA,05,Veneto,45.43490485,12.33845213,6,22,28,128,156,156,156,45,10,211,2253
2020-03-14,ITA,05,Veneto,45.43490485,12.33845213,0,12,12,310,322,322,322,7,13,342,1289
2020-03-15,ITA,05,Veneto,45.43490485,12.33845213,60,10,70,144,214,214,214,13,8,235,5566
2020-03-16,ITA,05,Veneto,45.43490485,12.33845213,72,27,99,186,285,285,285,10,6,301,2506
2020-03-17,ITA,05,Veneto,45.43490485,12.33845213,50,15,65,149,214,214,214,6,11,231,426
2020-03-18,ITA,05,Veneto,45.43490485,12.33845213,98,24,122,343,465,465,465,31,14,510,5363
2020-03-19,ITA,05,Veneto,45.43490485,12.33845213,125,14,139,77,216,216,216,33,21,270,3817
2020-03-20,ITA,05,Veneto,45.43490485,12.33845213,72,27,99,409,508,508,508,23,16,547,4630
2020-03-21,ITA,05,Veneto,45.43490485,12.33845213,99,13,112,425,537,537,537,34,15,586,4354
2020-03-22,ITA,05,Veneto,45.43490485,12.33845213,171,6,177,253,430,430,430,52,23,505,4029
2020-03-23,ITA,05,Veneto,45.43490485,12.33845213,93,26,119,223,342,342,342,18,23,383,3444
2020-03-24,ITA,05,Veneto,45.43490485,12.33845213,112,23,135,230,365,365,365,54,24,443,5063
2020-03-25,ITA,05,Veneto,45.43490485,12.33845213,89,12,101,293,394,394,394,58,42,494,4699
2020-03-26,ITA,05,Veneto,45.43490485,12.33845213,40,10,50,345,395,395,395,69,29,493,8882
2020-03-27,ITA,05,Veneto,45.43490485,12.33845213,89,12,101,407,508,508,508,28,26,562,3868
2020-03-28,ITA,05,Veneto,45.43490485,12.33845213,23,6,29,236,265,265,265,119,49,433,5753
2020-03-29,ITA,05,Veneto,45.43490485,12.33845213,27,11,38,300,338,338,338,60,30,428,5404
2020-03-30,ITA,05,Veneto,45.43490485,12.33845213,47,1,48,265,313,313,313,32,21,366,5157
2020-03-31,ITA,05,Veneto,45.43490485,12.33845213,47,0,47,239,286,286,286,81,64,431,6297
2020-04-01,ITA,05,Veneto,45.43490485,12.33845213,38,-6,32,342,374,374,374,74,22,470,6508
2020-04-02,ITA,05,Veneto,45.43490485,12.33845213,-48,-5,-53,407,354,354,354,99,33,486,7574
2020-04-03,ITA,05,Veneto,45.43490485,12.33845213,44,-10,34,249,283,283,283,30,40,353,6170
2020-04-04,ITA,05,Veneto,45.43490485,12.33845213,-23,-11,-34,266,232,232,232,93,35,360,6799
2020-04-05,ITA,05,Veneto,45.43490485,12.33845213,-17,5,-12,328,316,316,316,62,24,402,7621
